title,description,descriptionHTML,summary,summaryHTML,installs,minInstalls,score,ratings,reviews,histogram,price,free,currency,sale,saleTime,originalPrice,saleText,offersIAP,inAppProductPrice,size,androidVersion,androidVersionText,developer,developerId,developerEmail,developerWebsite,developerAddress,privacyPolicy,developerInternalID,genre,genreId,icon,headerImage,screenshots,video,videoImage,contentRating,contentRatingDescription,adSupported,containsAds,released,updated,version,recentChanges,recentChangesHTML,editorsChoice,appId,url
Jelly Dye,"Inject Color Dyes into Jellies. Enjoy the Perfect Spreads and Twisty Curves.  Easy Mechanics, Incredible Feel! Relaxing Gameplay 

Features: 
- Realistic Jelly
- Amazing Shapes
- Multi-Color Dyes
- Special Collection","Inject Color Dyes into Jellies. Enjoy the Perfect Spreads and Twisty Curves.  Easy Mechanics, Incredible Feel! Relaxing Gameplay <br><br>Features: <br>- Realistic Jelly<br>- Amazing Shapes<br>- Multi-Color Dyes<br>- Special Collection",Relaxing Slime Game,Relaxing Slime Game,"1,000,000+",1000000,4.220615,12894,3010,"[1529, 387, 778, 1212, 8988]",0,True,XXX,False,,,,True,$2.99 - $4.99 per item,Varies with device,5.0,5.0 and up,Good Job Games,Good+Job+Games,jellydye@goodjobgames.com,https://www.goodjobgames.com/,Akat Mahallesi Besiktas Istanbul Turkey,http://privacy.goodjobgames.com/,6007220206325811244,Simulation,GAME_SIMULATION,https://play-lh.googleusercontent.com/IztHlaqihKyvPvC7NqOI67EbJ7zmSWXHyVzUC76vmyBkNeHIAgyY0guh7U55SOzHrtM,https://play-lh.googleusercontent.com/kBcfbQGRc8TBeDtK3uWZ33bD261caT1RtOhHjHbmNIl1nryseRAMY81Uzhaupt8tLQ,"['https://play-lh.googleusercontent.com/-eVAvmLYvLsRjYgF7g0DokHJ9zNPc72_cK0rmanNdhSQiB82VXqEjZ4BOxWOba7Phudo', 'https://play-lh.googleusercontent.com/09Bgfoy3GKf1ZMHI8iKRM4PDR1nkot0g7KZ4jWxES1IskeKyiFKVvuUeuH1gYFlbP5pe', 'https://play-lh.googleusercontent.com/xFlyYKjfhJwmLicvCIYfLj5TVSPQRXlOwmYTDGeeuQ0fnKaJs2SLVvM9-DyLSVlnUCUe', 'https://play-lh.googleusercontent.com/0aq96czyUgzFS3ZLhiMWafwa7ivUDHkHuDlJBwt5CunyBnAN9JK_mF4SmC0DtRRKvzQ', 'https://play-lh.googleusercontent.com/C7lShBkpxtfL0MnNFeuZavNu91nmQi27iY9nzOOeRl0EhwDcqExeC2cZ7jliG29E98Q', 'https://play-lh.googleusercontent.com/cFbFdcqAfnBlI42-sWtwfgj2PAMnAdQIIsiVWCUvdmSPbalkyFoZcEx0iTRySiijl0c', 'https://play-lh.googleusercontent.com/Qts6Y_7yNeG_60bGMl1Th4maUNHhl0p7HwGXEGQMe0z7TocXlNtWLi3MqfphyZUmr7sy', 'https://play-lh.googleusercontent.com/Ec_jnwqFQpfa3-CHHdiye_qCHUvl0zqUuXyO6Wi7gi4yIwyEtqNVm4cLqfXAa-U83g', 'https://play-lh.googleusercontent.com/QyPoVi5xSiBKOqZkxJ_yyl_2eltO3_aPtkjkFQlWLG1wHfm6i_8c_Nq5-StWKmC9798', 'https://play-lh.googleusercontent.com/k3kOZjI2VZ9RF_tkRtpXyUgT7AKTjkIz7rCkbrWCHk9ydybcGZxkWjieSO6fFFYBdg4', 'https://play-lh.googleusercontent.com/xX74CS4Nc5_MZ2cHXOCPtR7gW4Rxt9xhwpXsdpAy-ylSpSbf3ql6-_b3l9Vc-mYVGI_s', 'https://play-lh.googleusercontent.com/01wPtZgvRTtwXtIZWu73uW3_pl7Y-OV6wD7ozz0rBUphePjtwlumjQlPlJpB7FusmAo', 'https://play-lh.googleusercontent.com/5qNKG2_KK6WowRk-nhzQs8vKMJV3X8zTZ5hCEEKg4Zz3gWEUoGWoyV-FNz1L_nSneeM', 'https://play-lh.googleusercontent.com/NQWn1-xnUOHc26WLbgaXSbfgSslYP27JXEqMQtJooQIZSsciHqmJHbzaGfoFRZe9aA', 'https://play-lh.googleusercontent.com/fqRN4d3l_roAE6q5yLZhBss3C5lACEyad8Z7_cvMt4GAkbdqvoJnW28Hs4AhOuWQQtQ', 'https://play-lh.googleusercontent.com/2KFDSCCuMF8FJZb6ke9VXddivu_u9WKDBMlDrBv4697GCKFZIdE90_Ea4V60CMtQ6A8', 'https://play-lh.googleusercontent.com/T1bjSrj0LdxRiFsTCfloFM8WvH2Jv38RRvJUz8qRcToziPiFa04k2UfInKgR5Hu9HnA', 'https://play-lh.googleusercontent.com/Jk1YHsQ5U7yLNhFZOkODjtaMC4YFwGuINkoeoBNn_bDj4u28SrZD6ELgh4tLpMIV4A']",,,Everyone,,True,True,"Feb 4, 2021",1616177827,1.49,"New Levels!
Bug Fixes and Improvements",New Levels!<br>Bug Fixes and Improvements,False,com.game.colorslime,https://play.google.com/store/apps/details?id=com.game.colorslime&hl=en&gl=us
Solar Smash,"Solar Smash is a planet destruction simulator, it allows the player to use a variety of different weapons to destroy the planet. These include nuclear missiles, lasers, and asteroids.

Warning
This game contains flashing lights that may make it unsuitable for people with photosensitive epilepsy or other photosensitive conditions. Player discretion is advised.

Space images credits:
NASA's Scientific Visualization Studio
NASA's Goddard Space Flight Center
Space Telescope Science Institute","Solar Smash is a planet destruction simulator, it allows the player to use a variety of different weapons to destroy the planet. These include nuclear missiles, lasers, and asteroids.<br><br>Warning<br>This game contains flashing lights that may make it unsuitable for people with photosensitive epilepsy or other photosensitive conditions. Player discretion is advised.<br><br>Space images credits:<br>NASA&#39;s Scientific Visualization Studio<br>NASA&#39;s Goddard Space Flight Center<br>Space Telescope Science Institute",Planet destruction simulator,Planet destruction simulator,"10,000,000+",10000000,4.6093407,291390,99185,"[14294, 4498, 9989, 23185, 239424]",0,True,USD,False,,,,True,$2.49 per item,83M,4.4W,4.4W and up,Paradyme Games,7923322729985684144,apps@paradym3.com,http://paradym3.com/,"Onward Chambers
34 Market Street
Hyde,
England
SK14 1AH",https://unity3d.com/legal/privacy-policy,7923322729985684144,Simulation,GAME_SIMULATION,https://play-lh.googleusercontent.com/9oKsgghjeohO1ztpmG6SrIMAVLn8sAhwsRGKHuOaqfMghYWiFHJ1osjwf_fAaMQZA5Y,https://play-lh.googleusercontent.com/Rp1NGDrroRG6brRl98yfyLjUyzBKgxglGxi7Un0tp16flxkUjc2S57jWFoXCvF4Aznnd,"['https://play-lh.googleusercontent.com/Ye64orrW0c5UuWHG-vGqGohb-jEPqHqi2Ltqy5IUX94bL5tl5hvlFL933OzmuJhqX6S0', 'https://play-lh.googleusercontent.com/KL1mfP8m0jwkifduZcakKrJ8N0lhYeyBzdcpWHCrgnDp-TZqGhQgr2Z22WnZojsj6w', 'https://play-lh.googleusercontent.com/qU0_hm2j-bLe1aPZaw4YayANkQbxpn2Xw8nxGAQFkQMOKhswM8XV2WstcFThIWWnpzI', 'https://play-lh.googleusercontent.com/JlPlLzdEwEVvMxYpFPeXUpqedU6SBRPBiliWA1gjd8vm7vv9jx88gDyCllRtS6LS6w', 'https://play-lh.googleusercontent.com/wkbZSfsT55AF120b39d2QhkNNi6eQwYW7tfuTwQsgeZbOSVOp05LNvvn0Mwwrb30jHs', 'https://play-lh.googleusercontent.com/VE_Z6uFuAnSzH0HuPuRzeMspKM5XvKoh22VY_mwygDk9T1D5QHafURitR22sjb4Vcw']",,,Everyone 10+,Mild Violence,True,True,"Jan 19, 2020",1615140818,1.4.1,"- bug fixes (including planet core not showing)
- 1 new secret",- bug fixes (including planet core not showing)<br>- 1 new secret,False,com.paradyme.solarsmash,https://play.google.com/store/apps/details?id=com.paradyme.solarsmash&hl=en&gl=us
Comics Bob,"üóø <b> Comics Bob ‚Äì Mind-bending puzzles and classic cartoon fun! </b>

Comics Bob caveman! Comics Bob not clever man. Comic Bob love ‚ù§ cave lady. Cave lady in danger. Comics Bob confused. Comics Bob need friend with big brain! üß†

üî• <b>Yabadaba-doh!</b>

Help lovable doofus Bob and his beautiful lady üë© friend overcome the trials and tribulations of paleolithic romance in this wacky cartoon puzzle game where you make the choices for the hapless prehistoric heroes. Choose right or choose wrong, the answer‚Äôs always guaranteed to be a blast as situations unfold with the humor and ingenuity of classic cartoon capers. 

Sneaky saber-toothed tigers üêØ, manic monkeys, tricksy pterodactyls and even inquisitive aliens are all conspiring to rend our star-crossed stone-age lovers  asunder, so you‚Äôll need all your lateral thinking and puzzle-solving skills to save them, get them back together and ensure the future of the human race doesn‚Äôt go tumbling over a cliff into oblivion.

ü™® <b>Stone-age technology!</b>

‚òÖ Endless prehistoric puzzle fun ‚Äì enjoy dozens of unique levels of logic adventures with Comics Bob and his stone-age queen. Each situation has two possible outcomes: disaster or delight for poor bewildered Bob, but so much fun for you that you won‚Äôt mind trying again if you can‚Äôt get it right first time. ü§Ø

‚òÖ A Paleo diet for your brain ‚Äì attune your sophisticated 21st century brain to the wild primitive thinking of the stone age, where the tools are simple but the uses they can be put to are ingenious. You‚Äôll need all your guile and imagination to choose the right answers and get Bob and his missus past the obstacles that stand in the way of true love.

‚òÖ Cave art, cave music, cave party! ‚Äì the setting may be primitive and the gameplay couldn‚Äôt be simpler, but the graphics and music in Comics Bob are gorgeous, recalling over a century of classic cartoons and comics, and ensuring a joyful experience for players of all ages.

‚òÖ You can‚Äôt stop progress! ‚Äì regular updates and new episodes ensure the fun keeps on coming. What‚Äôs Bob got up his loin cloth this time? You‚Äôll never guess in this zany puzzle-solving adventure where the surprises never end.

<b>Get primitive!</b>

Tired of the complexities and stresses of hi-tech modern life? This is the game for you! Get back to a simpler and even sillier time when women were real women, men were really dumb, and romance somehow flourished nonetheless! 

<u>Download Comics Bob today to explore a wild and wacky ancient world filled with colorful creatures and crazy situations, save humanity from its own stupidity, and enjoy innocent, endlessly entertaining pre-historic puzzle fun!</u>","üóø <b> Comics Bob ‚Äì Mind-bending puzzles and classic cartoon fun! </b><br><br>Comics Bob caveman! Comics Bob not clever man. Comic Bob love ‚ù§ cave lady. Cave lady in danger. Comics Bob confused. Comics Bob need friend with big brain! üß†<br><br>üî• <b>Yabadaba-doh!</b><br><br>Help lovable doofus Bob and his beautiful lady üë© friend overcome the trials and tribulations of paleolithic romance in this wacky cartoon puzzle game where you make the choices for the hapless prehistoric heroes. Choose right or choose wrong, the answer‚Äôs always guaranteed to be a blast as situations unfold with the humor and ingenuity of classic cartoon capers. <br><br>Sneaky saber-toothed tigers üêØ, manic monkeys, tricksy pterodactyls and even inquisitive aliens are all conspiring to rend our star-crossed stone-age lovers  asunder, so you‚Äôll need all your lateral thinking and puzzle-solving skills to save them, get them back together and ensure the future of the human race doesn‚Äôt go tumbling over a cliff into oblivion.<br><br>ü™® <b>Stone-age technology!</b><br><br>‚òÖ Endless prehistoric puzzle fun ‚Äì enjoy dozens of unique levels of logic adventures with Comics Bob and his stone-age queen. Each situation has two possible outcomes: disaster or delight for poor bewildered Bob, but so much fun for you that you won‚Äôt mind trying again if you can‚Äôt get it right first time. ü§Ø<br><br>‚òÖ A Paleo diet for your brain ‚Äì attune your sophisticated 21st century brain to the wild primitive thinking of the stone age, where the tools are simple but the uses they can be put to are ingenious. You‚Äôll need all your guile and imagination to choose the right answers and get Bob and his missus past the obstacles that stand in the way of true love.<br><br>‚òÖ Cave art, cave music, cave party! ‚Äì the setting may be primitive and the gameplay couldn‚Äôt be simpler, but the graphics and music in Comics Bob are gorgeous, recalling over a century of classic cartoons and comics, and ensuring a joyful experience for players of all ages.<br><br>‚òÖ You can‚Äôt stop progress! ‚Äì regular updates and new episodes ensure the fun keeps on coming. What‚Äôs Bob got up his loin cloth this time? You‚Äôll never guess in this zany puzzle-solving adventure where the surprises never end.<br><br><b>Get primitive!</b><br><br>Tired of the complexities and stresses of hi-tech modern life? This is the game for you! Get back to a simpler and even sillier time when women were real women, men were really dumb, and romance somehow flourished nonetheless! <br><br><u>Download Comics Bob today to explore a wild and wacky ancient world filled with colorful creatures and crazy situations, save humanity from its own stupidity, and enjoy innocent, endlessly entertaining pre-historic puzzle fun!</u>",Help Bob Solve the Puzzle in a Stunning Cave Adventure!,Help Bob Solve the Puzzle in a Stunning Cave Adventure!,"5,000,000+",5000000,3.7970016,27282,10227,"[5751, 1300, 1701, 2511, 16019]",0,True,XXX,False,,,,False,,81M,5.0,5.0 and up,SayGames,SayGames,hi@playstrom.by,https://saygames.by,"220088, Republic of Belarus, Minsk, Antonovskaya 14b, office 300",https://playstrom.by/privacy.html,6298813763312919073,Puzzle,GAME_PUZZLE,https://play-lh.googleusercontent.com/9m0i-KtxARcFPGClOXih3J4JwZKpE3PZYpgok3bsDcsufDcJaNMu4Qwi1bOc7DfBeXU,https://play-lh.googleusercontent.com/rGOIwhmjaLGNkV6UL_GPTCOw8uT7mov0qI81Uif3oIglzhWXeIKOKCz-oVfIye_uJJ0,"['https://play-lh.googleusercontent.com/GOy_v6ebrQhO-rUpzya3WITEL3Xv9UQ2jHFKcxl8Y-s1trcrtSPvYo4lU-6jcfTwZ3k', 'https://play-lh.googleusercontent.com/jfr4WPD7UYBZiIwH6gA0z-R7XAaPc8v7GwOUhXzVM9UVrDwUIZHMZsMty38lQfEEWBM', 'https://play-lh.googleusercontent.com/QlTYsi2LykqIMqoJ9uJRnuvfDGy-BGowjuhHMJl1w3cj-PEq9V2I7UCJCLKNQN9W7Ao', 'https://play-lh.googleusercontent.com/ysoaUYZyTIVXyhALrwQXG1CCvQpFJIfx85pm20fp1hJMWtNLZwt1VOLwIHXaYmNPFNHI', 'https://play-lh.googleusercontent.com/X7Vnqt0KXxYu2XfDBXKPMOUMq7rbSvzVDQrthka2shPr39nrn7xxVRZN4HCgFoHwv1sU', 'https://play-lh.googleusercontent.com/jclPbk82Iqfmz47dr8MzOgXTunz9ysQom8KDDu5Viy6Pcx8MboBZqL-fEw8nWcZIqA', 'https://play-lh.googleusercontent.com/HVTR7fCfUuFkLsi5z2d4mmEpbmYXfERwqHiUuE0r4j92WaYdynEPVc4H96J5zol9kj8', 'https://play-lh.googleusercontent.com/XYGlYU1EGXPTDpYUUaFy5eotFyQ31lZU2Kj32bTgRKeRI-eVrKGOzVzRL7eKzm1Kq_w', 'https://play-lh.googleusercontent.com/JkyaY7tyzr2GokT7TcwPhC7mNnWkJlYqa93v4tupz0tMyXE797T9IvKvVWaf6zrmH3Y', 'https://play-lh.googleusercontent.com/Ha0NjRxh_Ojq5SKvRmBd80VrEShwePzkkFYFhOv3GMPspcEiY6vre24Hc4ewKoQpNXU5', 'https://play-lh.googleusercontent.com/RjXSeOp9XntO414hPiW90LO1uTeJkrQYxLNxg6dRessLHS_3gMdhXGAl4CxYFMUh0z4', 'https://play-lh.googleusercontent.com/HYEI5iCMteZxR-d1_6LXs8PomEe88tNazaatwDvHx_wRZaGS7t4SVPtLQ1ozNHPK2GWl', 'https://play-lh.googleusercontent.com/GZjMdkAWUMOXDCzLWISopwdOjVBswRzbTveaPYLVuPiTy9btazpnJ54rpGnHcRv6-3g', 'https://play-lh.googleusercontent.com/_qZQNlvXAG8RVEKJPqBmKN-1uMoXROn-obPBcEL_GFgATkB1lMxE8b1Y5J-Ur2n6iGc', 'https://play-lh.googleusercontent.com/jF09fmEA9ntTMu7uOTCRhhzOvCj0wyP3aBWHRc7qomX_Fd1iAN6qiEz6nIyzlwILdkv6']",,,Teen,"Fantasy Violence, Suggestive Themes",True,True,"Oct 27, 2020",1616193600,1.1.0,"- Gameplay improvements
- Minor bug fix
- Enjoy the game!",- Gameplay improvements<br>- Minor bug fix<br>- Enjoy the game!,False,com.playstrom.bob,https://play.google.com/store/apps/details?id=com.playstrom.bob&hl=en&gl=us
Draw Puzzle - Draw one part,"Do you know how to draw things? Do you know how to draw one part? Do you know how to draw at puzzle games? Let download Draw Puzzle - Draw one part to experience a ton of cunning features by just draw. Our draw game brings you a smile, helps you relax, connects with friends by the way to draw it in game. Just draw, you're gonna get everything we're listed above.

How to play a DOP - draw puzzle game?  - Just draw a line

What do you need to do at DOP - Draw one part? Well, at first it doesn't look hard: you get half a picture upfront. You need to figure out what it is and then draw lines in the second half. But here's the catch: you can only use one line to finish it! Think you can handle it?

The special feature of Draw Game - Draw one part is to use AI to guess the shapes you draw and draw lines. Think and just draw it to match with the answers.

Draw Puzzle - Draw one part‚Äôs features

Unique gameplay brings you a cunning combination of logical puzzle games and drawing game
Fun and education for all ages- expand your general outlook with different riddles.
Smooth and addictive gameplay
Your finger is the pencil- draw the solution
Unexpected and humorous pictures will make your day!
Draw puzzle game style will push your imagination and creativity
Solve tons of puzzles
Don‚Äôt worry about being perfect
Picture worth of 1000 words

This is the best and most funny drawing games - DOP. Good luck and download the Draw one part.

If you like our draw one part - draw games, let us know by rate five stars and write down comments on what you like and want to improve. Your pleasure is the most of our priority.","Do you know how to draw things? Do you know how to draw one part? Do you know how to draw at puzzle games? Let download Draw Puzzle - Draw one part to experience a ton of cunning features by just draw. Our draw game brings you a smile, helps you relax, connects with friends by the way to draw it in game. Just draw, you&#39;re gonna get everything we&#39;re listed above.<br><br>How to play a DOP - draw puzzle game?  - Just draw a line<br><br>What do you need to do at DOP - Draw one part? Well, at first it doesn&#39;t look hard: you get half a picture upfront. You need to figure out what it is and then draw lines in the second half. But here&#39;s the catch: you can only use one line to finish it! Think you can handle it?<br><br>The special feature of Draw Game - Draw one part is to use AI to guess the shapes you draw and draw lines. Think and just draw it to match with the answers.<br><br>Draw Puzzle - Draw one part‚Äôs features<br><br>Unique gameplay brings you a cunning combination of logical puzzle games and drawing game<br>Fun and education for all ages- expand your general outlook with different riddles.<br>Smooth and addictive gameplay<br>Your finger is the pencil- draw the solution<br>Unexpected and humorous pictures will make your day!<br>Draw puzzle game style will push your imagination and creativity<br>Solve tons of puzzles<br>Don‚Äôt worry about being perfect<br>Picture worth of 1000 words<br><br>This is the best and most funny drawing games - DOP. Good luck and download the Draw one part.<br><br>If you like our draw one part - draw games, let us know by rate five stars and write down comments on what you like and want to improve. Your pleasure is the most of our priority.",Let's draw one part to check how smart you are! Just draw a line only.,Let&#39;s draw one part to check how smart you are! Just draw a line only.,"5,000,000+",5000000,4.27719,16952,8889,"[2030, 452, 803, 1169, 12498]",0,True,XXX,False,,,,True,$0.99 per item,47M,4.4,4.4 and up,Zego Studio,4764343509860143092,info@zegostudio.com,https://zegostudio.com/,"10 Floor, Peakview Tower, 36 Hoang Cau street, Dong Da, Hanoi",https://sites.google.com/view/drawgamepolicy,4764343509860143092,Puzzle,GAME_PUZZLE,https://play-lh.googleusercontent.com/LoDxQnCM7RZptohTNJJ5YYXDLfBWrbRCnJtkujLAi7ZVxmFZWz5Uu7WtG31MAtj-Qg,https://play-lh.googleusercontent.com/aJZ8v3zcv0OTAqNBNRIbyf_oqenHECd-K60xtN5dttCN3jl1ciUml5o9AqYOVG3yFic,"['https://play-lh.googleusercontent.com/ErpPfmVlZv9gEdvmZFzpt7tLbb5cbyQovDBzDpDq1tQeptXmIsOiWx0rAbZ65cmfdg', 'https://play-lh.googleusercontent.com/HClJ9ISCtNAKqtjMT0eb4BTHLia1oqzGKKUlFnI_3At3FUdozWUI2ew0VN_YSMk9Om3F', 'https://play-lh.googleusercontent.com/JLlrIl2r5OZw3O7R7DhbXRF6Fb_AZ7M3r48Vixf9qg8mCjkto3ieheyD7__hk2fFQJc', 'https://play-lh.googleusercontent.com/dh1x12FDv5dOnfsFv26SdON2y0kToDy5GxqypRka4h0-vwhL5UwWr3qaipHn7ryIgWTk', 'https://play-lh.googleusercontent.com/GTvfDFsOXbptfXG7Nr_nYU9EZKYfEg2Qba0aNiA8fNuKA0bGo0Vw4Vadbfiq2-MSGg', 'https://play-lh.googleusercontent.com/v5-u2RpbKKhHvxbjgEvrmOuP6qkvGYBYI4n_NHqemkeisdW5rSuHG2_Is91DSHJ3s10', 'https://play-lh.googleusercontent.com/ztBuEQCF3_3VTl_pcQHY3pDhTGNPVTZW8hcxWIEbsvORTSy_HgtjRLDkr8IcoYLHYfw', 'https://play-lh.googleusercontent.com/7DA_6KqW4xdWL0RcAce1RE6f3MMsisi1SqK6Yj01GlK5o0Baa17eWzB-xNTYjP4G8w', 'https://play-lh.googleusercontent.com/G4u0ivToAhUKkcTwRcG_a9SAiy9AqUd3kf1CRwOOK8NzEBUglOECSyTnIBG1FoMv09I', 'https://play-lh.googleusercontent.com/9uQNETI1iKCA-23acrjsMpT9A40YHeRuxMQMd3KBrTzxvQQhGvs3MjZBzRVnk8EKWA', 'https://play-lh.googleusercontent.com/bUn8Uu28mR8S9DPIF9gm-8IH4IekZQj86KO7B4KCbnuQJMMznWfR2s04zKUAch47OFE6', 'https://play-lh.googleusercontent.com/qoMX7QBLJk_G93j-jIjW964KWbxBvgzuN_B8eZU-Fg5OEUAwlk05XJzCPqkF6HuauZvQ', 'https://play-lh.googleusercontent.com/eng3gumACecZfXuDpQC0yFuiAOXMNb_6Vc11R0SXbB_MLI0tDhhQXpoLdydqEBgMV9Y', 'https://play-lh.googleusercontent.com/N6AmG9r0njT2QU-JFYP2-WCYDyY_HnpAdn1WABQ5mL_YSjFnlt95KgDSeGkkNZSq7w', 'https://play-lh.googleusercontent.com/Ezl8yUL-bozifUKU-siCTBcjFmBD7i2sbtCPoZDTJS6ccpxTVhlal_4C1MgGQp3j4xg', 'https://play-lh.googleusercontent.com/4d_-PxLb4roEnyn7Yn3rmVLMW_cEZbMYqEkWXHZaQTQkuvQKcivcolSa0itcg0cNJVA', 'https://play-lh.googleusercontent.com/BhiVE-ET-pgMLVH5i_ALWE7ZN06ybKzJ_F6fPgkwbZjlgNW_W_W61r0NNziv-yTlcU-N', 'https://play-lh.googleusercontent.com/9dLl9-GP4-OR-SdwDWKn8yHJn-A3HdaOv4jzSWvAoojHZQCffd-wT9Vw9LbpqdtwmLyQ']",,,Everyone,,True,True,"Dec 24, 2020",1616609221,1.0.29,"+ Add new 6 levels.
+ New level updates daily.
+ Update tracking.",+ Add new 6 levels.<br>+ New level updates daily.<br>+ Update tracking.,False,com.drawpuzzle.dop.drawit.justdrawit,https://play.google.com/store/apps/details?id=com.drawpuzzle.dop.drawit.justdrawit&hl=en&gl=us
Among Us,"Play online or over local WiFi with 4-10 players as you attempt to prep your spaceship for departure, but beware as one will be an impostor bent on killing everyone!

Crewmates can win by completing all tasks or discovering and voting the impostor off the ship. 

The Impostor can use sabotage to cause chaos, making for easier kills and better alibis.","Play online or over local WiFi with 4-10 players as you attempt to prep your spaceship for departure, but beware as one will be an impostor bent on killing everyone!<br><br>Crewmates can win by completing all tasks or discovering and voting the impostor off the ship. <br><br>The Impostor can use sabotage to cause chaos, making for easier kills and better alibis.",Join your crewmates in a multiplayer game of teamwork and betrayal!,Join your crewmates in a multiplayer game of teamwork and betrayal!,"100,000,000+",100000000,3.8227444,11122834,5620232,"[2272415, 518326, 701492, 1046793, 6583808]",0,True,USD,False,,,,True,$0.99 - $2.99 per item,102M,4.4,4.4 and up,Innersloth LLC,Innersloth+LLC,support@innersloth.com,https://www.innersloth.com,"PO Box 2532
Redmond, WA 98073",https://www.innersloth.com/privacy.php,6235553311911178709,Action,GAME_ACTION,https://play-lh.googleusercontent.com/VHB9bVB8cTcnqwnu0nJqKYbiutRclnbGxTpwnayKB4vMxZj8pk1220Rg-6oQ68DwAkqO,https://play-lh.googleusercontent.com/T64PAw0DKJYuXZYw57xX6J7DGQ1IDicgSzFTgPTFzMlsMvhyasmPs9ghDqzVHtS9eg,"['https://play-lh.googleusercontent.com/bFKj2NnfSECa6Fwl3U8Z6OqtJvJ1QEw44gJEo3JILoxfA-7MUb7Dn2DHOGursFSAaJoy', 'https://play-lh.googleusercontent.com/PeOr_KZtyG--Xgrgaah1OOY22guLX7cCexRtoobCPMLXtyH92xeKkx4uA7zwQwHKyNc', 'https://play-lh.googleusercontent.com/WNd6G91MYLs9RTaEU8W8ZmHzaB_l5C7dZS2ZWXBTL_gyenvF5V6agvTy-y0k384ESw', 'https://play-lh.googleusercontent.com/02bIKcZTVt5tKNAGzebLoiK61rIuWiUEPCg6_NQq5-khBDJCV6eKC55MXERe6FNsVSI', 'https://play-lh.googleusercontent.com/4VlftIF2PfzbysQUeLn9WL5eu2OyLFyuD-8jg0pL2FUeCvncseKAm1SxEkKdM6THcUA', 'https://play-lh.googleusercontent.com/BdfUDB9TAOGPfcXFC2bXzQl-vVxO27S1mBxc2IsHIelhoV5JC_GVmv8wAAowJ6cgGbs', 'https://play-lh.googleusercontent.com/_wqneI3oALDjSYqnGw2vqCxtgqILfzJ35VdkDv-gRUfQRROM3fV0hr1IiA4SQbDsTzM', 'https://play-lh.googleusercontent.com/itMTid1lVgl5J7C5HKVhgZbxsaXgcxcPgfb1WzDz8vSyCo3hdjmUcJxwGjLhfr2IiF0', 'https://play-lh.googleusercontent.com/piihzdwUuOeeSNKIXL9ADlcOrAt-m0eQS6fhbSqKE3WM8N3yc2mVQ0qt_biRLPY_qA', 'https://play-lh.googleusercontent.com/e03vkq8NlESqjlWt_cJsgkqUigAbEuUwoW3mJk4t6E_q895_o8TBSuM_zYgwZ4d_c5w']",https://www.youtube.com/embed/sYvKjZKunyo?ps=play&vq=large&rel=0&autohide=1&showinfo=0,https://i.ytimg.com/vi/sYvKjZKunyo/hqdefault.jpg,Everyone 10+,"Fantasy Violence, Mild Blood",True,True,"Jun 15, 2018",1615497146,2021.3.9,"Added Quick Chat feature: An easier, faster, and safer way to play the game using text-based chat.
Hotfixed an issue with games not being findable.
Hotfixed broken shadows on some phones.","Added Quick Chat feature: An easier, faster, and safer way to play the game using text-based chat.<br>Hotfixed an issue with games not being findable.<br>Hotfixed broken shadows on some phones.",True,com.innersloth.spacemafia,https://play.google.com/store/apps/details?id=com.innersloth.spacemafia&hl=en&gl=us
Roblox,"Roblox is the ultimate virtual universe that lets you play, create, and be anything you can imagine. Join millions of players and discover an infinite variety of immersive worlds created by a global community! 

Already have an account? Log in with your existing Roblox account and play now! 

MILLIONS OF WORLDS TO EXPLORE

In the mood for an epic role-playing adventure? Want to compete against rivals worldwide? Or do you just want to hang out and chat with your friends online? A growing library of worlds created by the community means there‚Äôs always something new and exciting for you to play every day. 

PLAY TOGETHER ANYTIME, ANYWHERE

Take the fun on the go. Roblox features full cross-platform support, meaning you can play with your friends and millions of other people on their computers, mobile devices, Xbox One, or VR headsets. 

BE ANYTHING YOU CAN IMAGINE

Be creative and show off your unique style! Customize your avatar with tons of hats, shirts, faces, gear, and more. With an ever-expanding catalog of items, there‚Äôs no limit to the looks you can create.

CHAT WITH FRIENDS

Hang out with friends around the world using chat features, private messages, and groups!

CREATE YOUR OWN WORLDS: https://www.roblox.com/develop
SUPPORT: https://en.help.roblox.com/hc/en-us
CONTACT: https://corp.roblox.com/contact/
PRIVACY POLICY: https://www.roblox.com/info/privacy
PARENT‚ÄôS GUIDE: https://corp.roblox.com/parents/

PLEASE NOTE: A network connection is required to play. Roblox works best over Wi-Fi.","Roblox is the ultimate virtual universe that lets you play, create, and be anything you can imagine. Join millions of players and discover an infinite variety of immersive worlds created by a global community! <br><br>Already have an account? Log in with your existing Roblox account and play now! <br><br>MILLIONS OF WORLDS TO EXPLORE<br><br>In the mood for an epic role-playing adventure? Want to compete against rivals worldwide? Or do you just want to hang out and chat with your friends online? A growing library of worlds created by the community means there‚Äôs always something new and exciting for you to play every day. <br><br>PLAY TOGETHER ANYTIME, ANYWHERE<br><br>Take the fun on the go. Roblox features full cross-platform support, meaning you can play with your friends and millions of other people on their computers, mobile devices, Xbox One, or VR headsets. <br><br>BE ANYTHING YOU CAN IMAGINE<br><br>Be creative and show off your unique style! Customize your avatar with tons of hats, shirts, faces, gear, and more. With an ever-expanding catalog of items, there‚Äôs no limit to the looks you can create.<br><br>CHAT WITH FRIENDS<br><br>Hang out with friends around the world using chat features, private messages, and groups!<br><br>CREATE YOUR OWN WORLDS: https://www.roblox.com/develop<br>SUPPORT: https://en.help.roblox.com/hc/en-us<br>CONTACT: https://corp.roblox.com/contact/<br>PRIVACY POLICY: https://www.roblox.com/info/privacy<br>PARENT‚ÄôS GUIDE: https://corp.roblox.com/parents/<br><br>PLEASE NOTE: A network connection is required to play. Roblox works best over Wi-Fi.","Roblox lets you play, create, and be anything you can imagine.","Roblox lets you play, create, and be anything you can imagine.","100,000,000+",100000000,4.471127,20490286,12640551,"[1610751, 362557, 744146, 1817794, 15955038]",0,True,USD,False,,,,True,$0.49 - $199.99 per item,97M,4.4,4.4 and up,Roblox Corporation,5360036014478858866,info@roblox.com,http://www.roblox.com,"970 Park Place
San Mateo, CA 94403
(USA)",http://www.roblox.com/info/Privacy.aspx,5360036014478858866,Adventure,GAME_ADVENTURE,https://play-lh.googleusercontent.com/R5hLCLt947e0R9q0KZJeMQJu-zkeB601mKyJqYZIvb1sVz0xgplkH0etKIvZOmlRXDU,https://play-lh.googleusercontent.com/3QAgSY5a64aDHgXNRYJJCB5vpg3E3b74741VfSUlDxY2dcENKM1lmbWsu5jazYdo_kY,"['https://play-lh.googleusercontent.com/sM1bmvALGL6yYh_UnXomtkIgO9IzoVSi5Jbo9SIPcv9p73jR5S1Xz1K-0VFZwpkcgQ', 'https://play-lh.googleusercontent.com/3I0i_3snKuUm29aQzHUlD9GPf0TQDzDWIysTezawoQ85EjmOPgET3QWSFdyxIGKpqtLb', 'https://play-lh.googleusercontent.com/RpLp8_hRTNoo3bXP7SGKciuelAxkh_ktHZBQABU0L-6iipnHNRRvaBub9abe_2p3teU', 'https://play-lh.googleusercontent.com/6KagyFBJdcdXVf_HmKxzF6s2Ry_ZJA1btFPXdRK1nNZBXQDamjZg_o-1RhL-UkYXdUzo', 'https://play-lh.googleusercontent.com/TIGF-2XLjj1QJGFQfjCimjugfZ-W2aIayR_pH2HRVM8auaEfkJMOba29yfoDn4HpdQ', 'https://play-lh.googleusercontent.com/kYgK0pXR5nKg4bnGI6enTesGySbUJHwe_OMnduql6kcTStzlKTW58MryRa-YoLBEX74', 'https://play-lh.googleusercontent.com/J6aV7H_gzCytyg7HvoiZ2KlUL0QT6ulKxJIYRvRkPVHFUmhF5wBxgA3gRtdDARX6pNAI', 'https://play-lh.googleusercontent.com/cdvtw2Rja2sltSKoigxErsLdr2Lgjj81QxIETXZG1OKL6eBQTJheJ_kiigyeR5CrHR3d', 'https://play-lh.googleusercontent.com/f2MTMtnqIQQJjOjhf0XLgUmHVad1naiWuByXA629LElU1VsOUZ6BqhZ42Y3_pHXOUQ', 'https://play-lh.googleusercontent.com/H3zDaFruaGrZ5hgGC-lcBZMu9gNbpY-W-wVCwT1Pnf8CYZNoTjfE7Syhjt8f31UUsg3u', 'https://play-lh.googleusercontent.com/dOzFLYVEfzn-Fhkr4-E3U30FufL9h_prSkr0FsXArO8ZEGjL5-DmeSf9iXT1hT34APs', 'https://play-lh.googleusercontent.com/yaIfFsByhk61exaf6ARyiL3RlhV5w_gWInqWycTWRDNUpuSqkjCJP4siW1oKI367og']",https://www.youtube.com/embed/T_rkoL9vt3g?ps=play&vq=large&rel=0&autohide=1&showinfo=0,https://i.ytimg.com/vi/T_rkoL9vt3g/hqdefault.jpg,Everyone 10+,Fantasy Violence,,False,"Jul 15, 2014",1616085700,2.470.419211,"To make Roblox work better for you, we deliver updates regularly. These updates include bug fixes and improvements for speed and reliability.","To make Roblox work better for you, we deliver updates regularly. These updates include bug fixes and improvements for speed and reliability.",False,com.roblox.client,https://play.google.com/store/apps/details?id=com.roblox.client&hl=en&gl=us
High Heels!,"""Are you ready for the best high heels game EVER? This game is fun, this runway is epic, this game is for baddies!

The taller your heels are, the easier it will be to escape from the walls.
A different obstacle awaits you at each level! There are rails on the roof where you have to spread your legs and slide, walls to jump, a stick to balance and a huge podium waiting for you at the end of the road.

MAKE OVER YOUR CHARACTER!
Among the dozens of different accessories you can buy in the store, there are buckles, necklaces, puppies in a bag, angel wings. And most importantly, you can find heels with very different models and colors to suit your style!

Don‚Äôt forget! You need to pick as many as high heels on the road so you can walk on the final podium!
Walking on the heels will make you feel like a QUEEN!","&quot;Are you ready for the best high heels game EVER? This game is fun, this runway is epic, this game is for baddies!<br><br>The taller your heels are, the easier it will be to escape from the walls.<br>A different obstacle awaits you at each level! There are rails on the roof where you have to spread your legs and slide, walls to jump, a stick to balance and a huge podium waiting for you at the end of the road.<br><br>MAKE OVER YOUR CHARACTER!<br>Among the dozens of different accessories you can buy in the store, there are buckles, necklaces, puppies in a bag, angel wings. And most importantly, you can find heels with very different models and colors to suit your style!<br><br>Don‚Äôt forget! You need to pick as many as high heels on the road so you can walk on the final podium!<br>Walking on the heels will make you feel like a QUEEN!",Be ready to master the runway!,Be ready to master the runway!,"10,000,000+",10000000,4.010881,175897,43639,"[25763, 9044, 13495, 16807, 110788]",0,True,XXX,False,,,,True,$0.99 - $4.99 per item,51M,4.4,4.4 and up,Zynga,6690081412016968981,info@rollicgames.com,https://rollicgames.com,"699 8th Street, San Francisco. CA",https://www.rollicgames.com/privacy,6690081412016968981,Action,GAME_ACTION,https://play-lh.googleusercontent.com/-t2HC7jn0H__tUVmcX5-nnzUH91_FZI7_ENlD1ke2WeSTmnciLso-3Otf27aANcO1gc,https://play-lh.googleusercontent.com/2rVkt-H1sqYYgrPoTDAqqQy1A3TDxF1UFkGeXQ5LhI-Kr5-M_-ajwBSehEIJFB7SXRf2,"['https://play-lh.googleusercontent.com/dXMUKAL1A2WteqWbjXql6pCIbfQSRjlkeLnlUAVyndnVKuTtEylXo_BGj_UWkIzbBN4', 'https://play-lh.googleusercontent.com/p-wupOZzhFPLdS4KMoR83RVBS8INVrlAI7SNiIV3N0gWqUM-gquqbdtWDih0q4Wugdb3', 'https://play-lh.googleusercontent.com/-tAjV6PyMAVc5ZRMYimwMMSIJD-zYl_a7oYznP4eprhTEiae6bKpsIm2q7hADmgW4uM', 'https://play-lh.googleusercontent.com/JfCwEwXuv8nArEMENNqu9fETADX7NbNROWW0sBe14QCpDNbXmhrhlGGBPq4xj3fkn2Iq', 'https://play-lh.googleusercontent.com/EjvUOdpuXTgyZyTCCN09ZELQ2pdX8sV52uUutt6Mu8eYiUkDBLzmvCtwB6I61w7E7FY', 'https://play-lh.googleusercontent.com/yboNsJvAtHqkouHp34uB_V_jk9lbPP5-C8dF_7vGJDJO26DCCyX6Aeir0cPwjOS0jA', 'https://play-lh.googleusercontent.com/UWglhFcglB9_d_6phg4jwuo8ohZ9smUZ4M7E3-R7u2YNEPLSU7k-HNwg36I0KZRGKA', 'https://play-lh.googleusercontent.com/UBxzl6deuoxfSJnd6tBRmP20O8WV5oPBL_EdxF076XzAgxJQnzokSSFBNxtdRuzJC2k', 'https://play-lh.googleusercontent.com/G9MyYR6Kytg_-1d5aFJxmCBaUXElpJFmh7RoN7Ih-HOYrw9XquiPjHAXT1gH1f9CHoc', 'https://play-lh.googleusercontent.com/mDBZ_A7djGGfWly2BQBrbGv8d_QF376aqjBGWFqtHeDgqDsHPgmzF_gfkbDC60YdTw', 'https://play-lh.googleusercontent.com/MnyrD9C1HK6xqCjuBkB8dgJ6bG4NN4u7U7c5PW7L3XcSv6ICzZIl7y6wWbc4QxS_0KU', 'https://play-lh.googleusercontent.com/pIpzZD24NAQzVpx2Cj2rulehkdcYh_BDGrLjL3OWYGqgaG_0c-W3mFsiQP7-93lMYYQ', 'https://play-lh.googleusercontent.com/AgH9xmPdIm5SliTfdSyQzgub_vGmNYCFOCR8NS3R1VgK_5PJaZM2hS-VemWUvDGV04s', 'https://play-lh.googleusercontent.com/lz-e1Urvmj9-tAe2GYp_oiL4NU1yqttzOk0v-mlclciDgloE23Fv1JJqJMLrFCwYNEw', 'https://play-lh.googleusercontent.com/OG3oLxsIBgC4PNZFy2lPltRwCdpWDa8RHF07j2RXv3JzIqd3MM0u9MidgF3Ar6TFh5g', 'https://play-lh.googleusercontent.com/NubbcDy5BkUO2pxIf5qhJsBIaaKB4KRF9VRfQ2OF74h3O-GH7b-ujhTHeTapDshlljw', 'https://play-lh.googleusercontent.com/2y5ULFZZzaY6Cs7kjq39pXV-WtlO_ud3In4YX2nL3BvWv5_uobjRyjfVUxxfkJ_SqBk', 'https://play-lh.googleusercontent.com/_zY1sENU1h_uqqwgqQM4rBXTMPM_GV7hrK7HWq-nmHwqvZNdvg9ty3DvYNN84hmqVA', 'https://play-lh.googleusercontent.com/EGnv7djGJmW_Wcz04STUt6aGRUnVVF8_rFfD6nAC_-2vXvGA_znqJjIZqpQBPWSrvvk', 'https://play-lh.googleusercontent.com/_lIP8Nl7-l2df3a-qjSyllonvoqe2AfEQZ118MZ5pwmsjeACPfqVTq4a611UujMQSeY', 'https://play-lh.googleusercontent.com/-PdDNdvzMTLezX6x0Fhyb0mjcDBauIYar4dysmeFllX3J2OUU6euJECbG-ZcEyOcj9bL', 'https://play-lh.googleusercontent.com/4-QhmJK7KXSkFCrQJn_k92QaKfm1V8tPw-8doRe-gSg-tuYkrLTmQISzDuqTJjOcIRI', 'https://play-lh.googleusercontent.com/8L2pZGmWwP09RIm1yzhKKGOJoLD3AVlyN9fcxkR3JYMgKNuT23cqOXeiGf5X2RnFJMus', 'https://play-lh.googleusercontent.com/Mp4NlvkEvfseoHYWc3bRMNg_q8SPd_rljHN60yj0-UQIoXpprMYKmw_tleveu6QxXv0']",,,Everyone,,True,True,"Jan 18, 2021",1614451860,1.2.3,"In this update:
-New levels!
-New skin Cleopatra!
-Performance improvements!
-and bug fixes!

Coming up next:
-Fashion Week!
-More levels!
-New heels!
",In this update:<br>-New levels!<br>-New skin Cleopatra!<br>-Performance improvements!<br>-and bug fixes!<br><br>Coming up next:<br>-Fashion Week!<br>-More levels!<br>-New heels!<br>,False,com.uncosoft.highheels,https://play.google.com/store/apps/details?id=com.uncosoft.highheels&hl=en&gl=us
Project Makeover,"Give desperately needed makeovers to help people achieve their dreams! Choose highly fashionable clothes, hairstyles, makeup, and even furniture! Deal with dramatic characters like egotistical fashion icons, scheming assistants, or stubborn clients in dire need of a new wardrobe. Play challenging fashion-themed puzzles to help find that perfect look! And don't forget to customize your own signature style with your avatar!

CHOOSE from lots of fashionable clothes to create the perfect look!

MAKEOVER helpless clients and give them the confidence to follow their dreams!

DECORATE a person's room as well as their appearance!

DRAMA is everywhere, be ready to meet some extreme personalities!

SOLVE addictive puzzles with challenging obstacles!

STYLIZE your avatar to stand out on the red carpet!

VISIT FRIENDS and see how they dressed their avatar!

BLAST through levels with exciting power-ups with explosive benefits!","Give desperately needed makeovers to help people achieve their dreams! Choose highly fashionable clothes, hairstyles, makeup, and even furniture! Deal with dramatic characters like egotistical fashion icons, scheming assistants, or stubborn clients in dire need of a new wardrobe. Play challenging fashion-themed puzzles to help find that perfect look! And don&#39;t forget to customize your own signature style with your avatar!<br><br>CHOOSE from lots of fashionable clothes to create the perfect look!<br><br>MAKEOVER helpless clients and give them the confidence to follow their dreams!<br><br>DECORATE a person&#39;s room as well as their appearance!<br><br>DRAMA is everywhere, be ready to meet some extreme personalities!<br><br>SOLVE addictive puzzles with challenging obstacles!<br><br>STYLIZE your avatar to stand out on the red carpet!<br><br>VISIT FRIENDS and see how they dressed their avatar!<br><br>BLAST through levels with exciting power-ups with explosive benefits!",Makeover Puzzle Game,Makeover Puzzle Game,"10,000,000+",10000000,4.008036,240809,78872,"[28998, 13387, 23252, 36213, 138959]",0,True,USD,False,,,,True,$0.99 - $99.99 per item,195M,4.4,4.4 and up,"Magic Tavern, Inc.","Magic+Tavern,+Inc.",projectmakeover@magictavern.com,https://www.magictavern.com/,"636 Ramona Street, Palo Alto, California, 94301",https://www.magictavern.com/privacy.html,7994336349840708503,Casual,GAME_CASUAL,https://play-lh.googleusercontent.com/8_AOmpKkwuWTyBoUABP9O7fkiLopLtxE9qjgRwCFf803zZWzagp7dtLmdV20QC5__WI,https://play-lh.googleusercontent.com/uCySuMliRbDbOHhnlMpHiWoN9rYdp50LmkmtLX9E66wPCLKT_cqLNH7zThCzLYIePEgs,"['https://play-lh.googleusercontent.com/q1JgT10_ZrHVeaDbULsriMrJZXJQ-uShJ4rWYYueGWJXtg75rma_wcSbF7AAzcZxXw', 'https://play-lh.googleusercontent.com/xgL25zJXQWUtHFXMhovIWKon5pWzbSpMbttif97L6K3e4nYbo5yEXPsQOBmR6LCR5Hw', 'https://play-lh.googleusercontent.com/fiRoAb26_fC1iDkSPEiKHETwi-fzgb-02McthWIyOtGAfwBa91tPOVfcyQWRMRDL11A', 'https://play-lh.googleusercontent.com/EXc2wdfmp4gO1khaudjPW3b-aBR3DbajkIJV-HdV9_e6vE_8prwQHqo3WQ3b8DqMMQ', 'https://play-lh.googleusercontent.com/Gi62WOiv6Q4XRG7wJinZJS2f0_g7eUwKLR1P5fkcJ2nsF6U8zMvwehXMZodMKxFSY8Qn', 'https://play-lh.googleusercontent.com/ig6QANSZc-clXU7NI5jpF_IoiLXAdicIPiuYQDioxGQEaQwehMaLTJkWxRxtADm2D84', 'https://play-lh.googleusercontent.com/SUO4pTYidU5kA06yBh4PZnBlaNKZgI8GcOrGW5OAyq1UWQ39SlOJx2EruRZl1Dia3TjJ', 'https://play-lh.googleusercontent.com/gIpI9tZlHF5PnApzG9vEkjdngMRQoP8_kSeX9uS9xlDLSvSNH7hF49L-Pq2w4Xa_Rw4', 'https://play-lh.googleusercontent.com/_8d5o7aZ8rPZ9IMIa8NN_aC4YIyCb07eIJkTUbYaUwGSNJXontnohiF80MXvIS_wX7k', 'https://play-lh.googleusercontent.com/Z5XDhFTarEWvZwoTEWAeWRkjghIQbE4TOQ2E1Pb1gjBwpPihUfX7TYG7_LlR9eAkQj4b', 'https://play-lh.googleusercontent.com/xc_WD2OvQZWj7pzHndfnYk0eNe6KBzSViCS4FjbeECenK0Tk1oYPVLlosMQ4iuACaUU', 'https://play-lh.googleusercontent.com/teDUeuzIjRTmpoADLimC6wIUDBAcSISW2v2hVhTQKs_JhGYokHBRzhPJuqxy93_a9E0', 'https://play-lh.googleusercontent.com/3K3leegFcQMW-R7Cl4RZAdtLzsF-oJoPmo9B3amqX7cDmXlL8O1YJV6_3h7aJdOQt-I', 'https://play-lh.googleusercontent.com/7DwOIZDUXi6-MOdVZQ9GAy0d1glVxRX7dFTHEIPg9EMYWSXO6qQb_OmqCg_g4tbhhA', 'https://play-lh.googleusercontent.com/YgFpKcHz9XfqNOBB99HlwnHwHQC39IxyDE96whvfSgukuro0zypTuAzReAMzwW86ng', 'https://play-lh.googleusercontent.com/WFwU5qYVt_BtuTmgo6e-Y4hOSXbPOoU1NReqOx8nE9RAfnpJidIzaoJkqSW7JSW_wk_G', 'https://play-lh.googleusercontent.com/sUKdqy2BDpo6-9P1RmE1QS8YC5pRuk2Rn0IU1gocN94gDRW5P630yGflDxnq4kuDh6w', 'https://play-lh.googleusercontent.com/oBKQZzf8Upq5sAs8SEAtYOQX1MbBHJg-IQEFb29SiuP18bOpcQ_hXJkCxSTb5K3yaL0', 'https://play-lh.googleusercontent.com/tNPwmxj1WAomNzMZrjnaNj7Zyhv9jbofn09fT69MZ2xybY5xuqirV-mes5T4EqYUORsf', 'https://play-lh.googleusercontent.com/rtiEiH9zMleLKVly_-M-oW0Rx8-Tku8Fce9cP8H_dERkJP4OtgBoOc3nCtDVzbt_2No', 'https://play-lh.googleusercontent.com/c94CnbbS6ErUKnP23FsfPxlPdA_yQte8qK4PJBhEu1fkAtaOvAXdLhCmm7vg_J5776E', 'https://play-lh.googleusercontent.com/w4ngF8L8w0iHVFxdySp1GINQeVVkCU2IdJfqEoYZ4xtMIexcWcCfwR-KsTXgvrL5Xkg', 'https://play-lh.googleusercontent.com/1WNhP_CY10snQyxhKHdU3Si_WbisS6nmqwPVOro8fVFhwCO4eURQBdFPwGTV9dO4_wM', 'https://play-lh.googleusercontent.com/zk1TvsTOUzjmbj5wHDPgmV0A5uydAJzOJaiftgAkMgvsOOsuaB9XYygGNTyLIvDOF2Q']",https://www.youtube.com/embed/d5mMB7N_2MA?ps=play&vq=large&rel=0&autohide=1&showinfo=0,https://i.ytimg.com/vi/d5mMB7N_2MA/hqdefault.jpg,Everyone,,,False,"Nov 15, 2020",1615633297,2.8.1,"Bet the farm on PROJECT MAKEOVER‚Äôs latest guest, who needs your help cultivating a new look for a date! Transform his weathered barn into a posh hangout while taking on 60+ new levels!

-NEW MAKEOVER: Can you help the farmer? Don‚Äôt count your chickens before they hatch!
-NEW OBSTACLE: Those hair dryers are full of more than hot air!
-NEW Levels!","Bet the farm on PROJECT MAKEOVER‚Äôs latest guest, who needs your help cultivating a new look for a date! Transform his weathered barn into a posh hangout while taking on 60+ new levels!<br><br>-NEW MAKEOVER: Can you help the farmer? Don‚Äôt count your chickens before they hatch!<br>-NEW OBSTACLE: Those hair dryers are full of more than hot air!<br>-NEW Levels!",True,com.bgg.jump,https://play.google.com/store/apps/details?id=com.bgg.jump&hl=en&gl=us
Join Clash 3D,"Epic survival run! Racing adventure that will keep you on your toes till the very end! <b>Race, Clash, and Win!</b>

Get your gang together, run with the <b>crowd</b>, and <b>clash</b> against the rival team!

GATHER THE BIGGEST CROWD
Start running alone and <b>gather people</b> on your way to collect a massive <b>crowd</b>. Lead your team through all sorts of moving, rotating, and expanding obstacles. Calculate your moves on the run and save as many members of the <b>crowd</b> as possible.

RACE THROUGH THE OBSTACLES
Let‚Äôs see how far you can get in this crazy survival <b>race</b>! Dodge swinging axes and colossal crushing spheres! Avoid monstrous circular saws, deadly red buttons, and a thorny abyss to make it to the finish line.

WIN FINAL CLASH
<b>Run the crowd</b> until you reach the <b>castle</b> at the end of the level. Crush your rivals in the final battle and capture the fortress!

~~~~~~~~~~~~~~~~~~
HOW TO PLAY
~~~~~~~~~~~~~~~~~~
- GATHER as huge a <b>crowd</b> as you can
- DODGE obstacles
- COLLECT keys
- <b>CLASH</b> wall-on-wall
- FIGHT against bosses
- CAPTURE castles 

~~~~~~~~~~~~~~~~~~
GAME FEATURES
~~~~~~~~~~~~~~~~~~
- Survival <b>city game</b>
- Lots of unique levels
- Deadly traps and impossible obstacles
- Crisp bright graphics
- Super smooth swipe control
- Satisfying color explosions
- Rewards and gifts

And this is just the beginning‚Ä¶ More levels and artful traps and obstacles are coming soon! 

Do you think you have the guts to take your <b>crowd</b> through this insane obstacle course? Download the <b>game</b> and try your luck today! 

We are looking forward to getting feedback from all of you! Please leave your reviews, so we can keep making the <b>game</b> even better.","Epic survival run! Racing adventure that will keep you on your toes till the very end! <b>Race, Clash, and Win!</b><br><br>Get your gang together, run with the <b>crowd</b>, and <b>clash</b> against the rival team!<br><br>GATHER THE BIGGEST CROWD<br>Start running alone and <b>gather people</b> on your way to collect a massive <b>crowd</b>. Lead your team through all sorts of moving, rotating, and expanding obstacles. Calculate your moves on the run and save as many members of the <b>crowd</b> as possible.<br><br>RACE THROUGH THE OBSTACLES<br>Let‚Äôs see how far you can get in this crazy survival <b>race</b>! Dodge swinging axes and colossal crushing spheres! Avoid monstrous circular saws, deadly red buttons, and a thorny abyss to make it to the finish line.<br><br>WIN FINAL CLASH<br><b>Run the crowd</b> until you reach the <b>castle</b> at the end of the level. Crush your rivals in the final battle and capture the fortress!<br><br>~~~~~~~~~~~~~~~~~~<br>HOW TO PLAY<br>~~~~~~~~~~~~~~~~~~<br>- GATHER as huge a <b>crowd</b> as you can<br>- DODGE obstacles<br>- COLLECT keys<br>- <b>CLASH</b> wall-on-wall<br>- FIGHT against bosses<br>- CAPTURE castles <br><br>~~~~~~~~~~~~~~~~~~<br>GAME FEATURES<br>~~~~~~~~~~~~~~~~~~<br>- Survival <b>city game</b><br>- Lots of unique levels<br>- Deadly traps and impossible obstacles<br>- Crisp bright graphics<br>- Super smooth swipe control<br>- Satisfying color explosions<br>- Rewards and gifts<br><br>And this is just the beginning‚Ä¶ More levels and artful traps and obstacles are coming soon! <br><br>Do you think you have the guts to take your <b>crowd</b> through this insane obstacle course? Download the <b>game</b> and try your luck today! <br><br>We are looking forward to getting feedback from all of you! Please leave your reviews, so we can keep making the <b>game</b> even better.",Lead the Crowd! Control the Runners and Win the Run Race in the City!,Lead the Crowd! Control the Runners and Win the Run Race in the City!,"100,000,000+",100000000,4.054006,1246329,302389,"[165715, 55638, 108345, 132552, 784079]",0,True,USD,False,,,,True,$2.99 - $8.99 per item,61M,5.0,5.0 and up,Supersonic Studios LTD,Supersonic+Studios+LTD,contact@supersonic.com,https://supersonic.com/,"Menachem Begin 121, Tel Aviv",http://supersonic.com/privacy,6375726956331556115,Arcade,GAME_ARCADE,https://play-lh.googleusercontent.com/nWk99F4mxv0uyt5Yt5No21uCE4Ah0NwYK6MXfYp1zZg2iFd9ImaeEiu8R8We1iGeHtg,https://play-lh.googleusercontent.com/dnEGsOR528qh1zi99bFYhVc2RDePoNlriJVvwJavvJmizWOnaCBMCAxIGZme9DJRuQ,"['https://play-lh.googleusercontent.com/waY0NREYGomRUZoxHpY6CoyB4NQFNmIQ8hgy6u-7Q2jjoOvw6820OV4NLTlCbp91vUE', 'https://play-lh.googleusercontent.com/FAbnGimGltw2CKhRmZqmQo49SlYNiY1kuGXB8P_6vKtVQzNwr06IpHdLCFKnyO38Vhs', 'https://play-lh.googleusercontent.com/rOl_xg3y9UHNuXJT05n4sA9B182AZrVrHCr1UMDNkfXjlbPdKUahqHL4vp8yNg_Q-L8', 'https://play-lh.googleusercontent.com/px4taSkXaEEuw1GcxdEinZHTJSYBFWAeRcP69H0syvgiXZAC8btRO_mE9ujDN50mX9c', 'https://play-lh.googleusercontent.com/jQgIIQBfONIjsjFvEmDELleNnsGXVB9VHLOGW1ntkE0WsMscATopBL9j9PxAbdgsQfg', 'https://play-lh.googleusercontent.com/yyA1DhwTU1FtWlyJkajIll1HxtCbEwCOVE8zaiSO5BkXLQTuD8LQQU6mkBB90_WPkA', 'https://play-lh.googleusercontent.com/TupTzEs48Z8cSa4EsJ7HF-ZRaGTbpLK-PzRsedWM8bjKnPannGDAEWmdNYsiug8zX0E', 'https://play-lh.googleusercontent.com/ssWFGOwqrLBwdzObZxC8n7WbWUIw1opkzpiD3r-DM_26VhuXIaOlb_oHZz1py5210p4', 'https://play-lh.googleusercontent.com/vf1Lx4qcI6TX50kjDMuEehaZYSvO3rK0FiGjPjioFoFq_yxrkV3K9xLyS7dUFL_XyC23', 'https://play-lh.googleusercontent.com/MknKJOLjjiwvc-rKQICxSjSepqbogS4_6t9m52YK7g0UU5M8X-2xmBIOWMyujo1Z0Q', 'https://play-lh.googleusercontent.com/yCuaJwJf6NZVucyuRtfeVk6I5WwdaeQC1eH6BMfFsvVkETx5wUFC7cU75dFNFxn1Z04', 'https://play-lh.googleusercontent.com/4zStWd-D3LDq9398byOK2dR8mSsy4uXBSx9YIX6n2gqVODs1jZKJ5KAuVqobaZ3aoVJT', 'https://play-lh.googleusercontent.com/Cq_0_wvy8KY45HaV_QIvTpr4fD1-b6QpZRuSfSHTO5CanmMAH5KDDpsQPUDy6ar3i7ky', 'https://play-lh.googleusercontent.com/bSi7jmLy-lp9d0UQB3osRHAlFy-S48D6riv3GBAhjEFQoM_iSrCVSWuPU1I4aMnXjA', 'https://play-lh.googleusercontent.com/_ohkfaAkNUfkx9R5-zHl-KM5R8fciMz5sVExL8aAmLrsgXKypB39TAds0CkFSwwhpsOG', 'https://play-lh.googleusercontent.com/l0vFkHjFIgv-WJLrwhcGOknsTjFbaZ1dvni4HOF-Tpq4cUM1lKzIlZq9dtyl5G62fLs', 'https://play-lh.googleusercontent.com/vJLBxWeLkz0QlzMczGReZ10WwMzcJ3kp-SCv_UfbOrozzEgcgNwUrgiPrCbiW4bs13Z1', 'https://play-lh.googleusercontent.com/kwv9_sOG4Z7rdg9i4StBm7OoTiXkVVEdop2aFTZVq16dAaeVji-Hkfjo-npnatgFRg', 'https://play-lh.googleusercontent.com/LklAow0TyA3JIIAQw2yjvA5rZNsNDazm_afcK81B_2Qg_xCEiVhYx0pqIcsZD6_1Phc', 'https://play-lh.googleusercontent.com/C4xT975uOAnrAYLYPFUmIGmvEUw5hhTg9k8ryXayFFzM5YcCJMb4jZNe_gIvmvH5Tr4', 'https://play-lh.googleusercontent.com/Dl6gwSDBjpNmctXolCOa-7Bc2zmYmj05uNMABpSe7BSAtlymr1KCBMZ4IgBkdiKUrHY']",,,Everyone,Mild Fantasy Violence,True,True,"Dec 12, 2019",1615544913,2.21.5,"Added bonus levels
Now you can buy a large set of characters
Game improvements and bug fixes",Added bonus levels<br>Now you can buy a large set of characters<br>Game improvements and bug fixes,False,com.freeplay.runandfight,https://play.google.com/store/apps/details?id=com.freeplay.runandfight&hl=en&gl=us
Pencil Rush 3D,"This world needs a little color! Don‚Äôt you think? That‚Äôs why it‚Äôs time to liven things up in Pencil Rush 3D!

How to play Pencil Rush 3D?

1. Open the app and pick up your tool ‚Äì a colorful pencil.
2. Next, it‚Äôs time to take on the challenge. With your pencil in hand, trace and race your way along the obstacle course.
3. Add to your color collection by picking up more pencils along the run. Wow!
4. But, oh, no! You gotta avoid those obstacles. Hit them, and it‚Äôs game over!
5. Run and make it to the finish line. Look at that colorful collection. AMAZING!

Don‚Äôt live in a world of gray! Play Pencil Rush 3D and color your day with the rainbow.","This world needs a little color! Don‚Äôt you think? That‚Äôs why it‚Äôs time to liven things up in Pencil Rush 3D!<br><br>How to play Pencil Rush 3D?<br><br>1. Open the app and pick up your tool ‚Äì a colorful pencil.<br>2. Next, it‚Äôs time to take on the challenge. With your pencil in hand, trace and race your way along the obstacle course.<br>3. Add to your color collection by picking up more pencils along the run. Wow!<br>4. But, oh, no! You gotta avoid those obstacles. Hit them, and it‚Äôs game over!<br>5. Run and make it to the finish line. Look at that colorful collection. AMAZING!<br><br>Don‚Äôt live in a world of gray! Play Pencil Rush 3D and color your day with the rainbow.","Run color pens, draw & dash!","Run color pens, draw &amp; dash!","10,000,000+",10000000,4.101681,57754,9752,"[7230, 2865, 4459, 5446, 37754]",0,True,XXX,False,,,,False,,88M,5.0,5.0 and up,Gismart,6462287121578018300,support@gismart.com,https://gismart.com/,"Huckletree Soho, Ingestre Place
London, W1F 0JL
UK",https://gismart.com/privacy-policy/,6462287121578018300,Casual,GAME_CASUAL,https://play-lh.googleusercontent.com/zLI26Q43lVq1h2Hcon1srXBlD-h0ZtWC3Y9PR9V1kmJgGWY4z3DkizP9j-C4JxQgtK4,https://play-lh.googleusercontent.com/yVkNz0jYM9jOzNKMBStrBkKfqvAvwz08Gg1DTLQGOrcBwbAcftxlNAqvzArKQzlq-FX5,"['https://play-lh.googleusercontent.com/tDIwCmdhdKUn6AarTWm9oijDZeU2VxPMfOtutRwxRVs4dmBEhsEQUmNs-57h_491OWw', 'https://play-lh.googleusercontent.com/fpD09RKgQ2XKdj6UXlEffqWCkcZGAzhX9q0yzujVmT7Qk8e2IZDs8VFuwuOqwyPXTpk', 'https://play-lh.googleusercontent.com/I7pWvwZfUKJR4iHmp8d4Qx3VZawo64KoflhB7esyznpRXfLL1YCDPl4nq9efm210rFkE', 'https://play-lh.googleusercontent.com/LzFMWIvFZ2nwVIYWnCZy3Vdg5K0bbzPjP6JUqeJsMAxjTYR-0ldxzSnu4UKks4rD080p', 'https://play-lh.googleusercontent.com/Z1bbUXiS5rsHinRZfi65T4O7VCsb0s_2JgEkMQXu3hxyR9aLAGgZ9w8DE6hzfxd86ANV']",https://www.youtube.com/embed/AAiGL9zpQPs?ps=play&vq=large&rel=0&autohide=1&showinfo=0,https://i.ytimg.com/vi/AAiGL9zpQPs/hqdefault.jpg,Everyone,,True,True,"Jan 6, 2021",1616579673,0.8.2,"The great update arrived! In this version we added: 
- New challenging levels
- Minor bug fixes
And it is legendary! Don‚Äôt believe us? Try for yourself.",The great update arrived! In this version we added: <br>- New challenging levels<br>- Minor bug fixes<br>And it is legendary! Don‚Äôt believe us? Try for yourself.,False,com.pencil.madness,https://play.google.com/store/apps/details?id=com.pencil.madness&hl=en&gl=us
Girl Genius!,"Uh oh! Are you the best one of a kind female spy? Are you good at sniffing out the clues and solving all the puzzles? If so, you get the game that fits you perfectly!

Only the smartest will be able to solve these brain teaser tests in order to finish the ultimate task! Each level will present you with a scenario that you will have to use your IQ and wit to solve. 

With this addictive and hilarious game, you will have non-stop fun inside trying to find out what happens next. Solve the funny challenge correctly and you get to proceed on to finish the mission impossible. 

Game Features:

1. Don‚Äôt get fooled!
Each level has unexpected traps - think hard, make the right answers to proceed. Wrong answers will get you caught. Watch out!

2. So many levels to play
Each level is unique. So many different challenges for you to solve before getting caught by the bad guys.

3. A fun time for everyone!
Everybody can play Girl Genius. If you get stumped - ask for help from your friends and family! No shame in doing whatever necessary to solve these complex puzzles.

4. Simple and Addicting Gameplay
Once you start you will want to keep solving the upcoming puzzles. This is the best puzzler out there!

5. Are you the genius from ‚ÄúGirl Genius‚Äù?
You better be.
Visit https://lionstudios.cc/contact-us/ if have any feedback, need help on beating a level or have any awesome ideas you would like to see in the game!

From the Studio that brought you Mr. Bullet, Happy Glass, Ink Inc and Love Balls!

Follow us to get news and updates on our other Award Winning titles;
https://lionstudios.cc/
Facebook.com/LionStudios.cc
Instagram.com/LionStudioscc
Twitter.com/LionStudiosCC
Youtube.com/c/LionStudiosCC","Uh oh! Are you the best one of a kind female spy? Are you good at sniffing out the clues and solving all the puzzles? If so, you get the game that fits you perfectly!<br><br>Only the smartest will be able to solve these brain teaser tests in order to finish the ultimate task! Each level will present you with a scenario that you will have to use your IQ and wit to solve. <br><br>With this addictive and hilarious game, you will have non-stop fun inside trying to find out what happens next. Solve the funny challenge correctly and you get to proceed on to finish the mission impossible. <br><br>Game Features:<br><br>1. Don‚Äôt get fooled!<br>Each level has unexpected traps - think hard, make the right answers to proceed. Wrong answers will get you caught. Watch out!<br><br>2. So many levels to play<br>Each level is unique. So many different challenges for you to solve before getting caught by the bad guys.<br><br>3. A fun time for everyone!<br>Everybody can play Girl Genius. If you get stumped - ask for help from your friends and family! No shame in doing whatever necessary to solve these complex puzzles.<br><br>4. Simple and Addicting Gameplay<br>Once you start you will want to keep solving the upcoming puzzles. This is the best puzzler out there!<br><br>5. Are you the genius from ‚ÄúGirl Genius‚Äù?<br>You better be.<br>Visit https://lionstudios.cc/contact-us/ if have any feedback, need help on beating a level or have any awesome ideas you would like to see in the game!<br><br>From the Studio that brought you Mr. Bullet, Happy Glass, Ink Inc and Love Balls!<br><br>Follow us to get news and updates on our other Award Winning titles;<br>https://lionstudios.cc/<br>Facebook.com/LionStudios.cc<br>Instagram.com/LionStudioscc<br>Twitter.com/LionStudiosCC<br>Youtube.com/c/LionStudiosCC",Can you solve the problems?,Can you solve the problems?,"10,000,000+",10000000,3.6930854,64925,28723,"[14935, 3659, 4450, 5232, 36649]",0,True,XXX,False,,,,True,$2.99 - $4.99 per item,48M,4.4,4.4 and up,Lion Studios,6990178528646658622,supertapx@lionstudios.cc,https://lionstudios.cc/,"1100 Page Mill Road
Palo Alto, CA 94304",http://www.mxgameclub.com/?page_id=451,6990178528646658622,Puzzle,GAME_PUZZLE,https://play-lh.googleusercontent.com/APH3Jl_qQ_WlXOPbLQD6-s8cLeCFdPjCgLQj9tgPm_TBu3VjlaEDwF74RW0wxRWahFg,https://play-lh.googleusercontent.com/JejX_JdYvyg17wANmUYlhvrM4ECGOGZEVoikLjao27loO_AmUQiE54tvAelcfpiRMNmF,"['https://play-lh.googleusercontent.com/r39pIa9V-S9H83njA9-Lf7uZfd6Tmq07seKRtlrwBva7qVpk03FoRdW8l_xfbTpWcQ', 'https://play-lh.googleusercontent.com/1Rhs3oaeqWV_CNwMcizbouKI98n0X6FIGOAZx_gLDH8CSxf_cim18aqtv9S3gPOtV5w3', 'https://play-lh.googleusercontent.com/gKE8FGJU2STOhqeoBNZugJwNRiiFfbsQMpRiFBvT9BuDkQlGAXkXGE9r9jQAcUprra8', 'https://play-lh.googleusercontent.com/ZMjcOOGkzH-dIK4PB8aqtG53nZGJCv4A7hg0SH3t0UPeRolzT8gnZ1WUk9jdsHQ9fZQt', 'https://play-lh.googleusercontent.com/kOcIE2UfUiOUWgrMGWF_GqDKs3VylxZ2NTFC7aqZq3ZgIAmQjPoqeWntdLUwLpRt56g', 'https://play-lh.googleusercontent.com/i1wpk-u9mMSyxAzLFoeiEw1KdaSzSC5T81V23Of_XEUwQYRIKPFJgW898foXdkdJdN8', 'https://play-lh.googleusercontent.com/4iFjYsEwiJUmkZ-0ImaqdhD2LTbzaIVEUCZOt4WWZICXInu_nQXYyAXFqj4kugawtg', 'https://play-lh.googleusercontent.com/QU630UehtnoF6XqX5MohnHl61CqmKVZVgjhXmGdXaOCPKgbpae5TBqotAhVwBHtvipc', 'https://play-lh.googleusercontent.com/f4Wn0r9MUnUOMAu8yK1kplYoP_CGSvNnHjL3brUKa7n503dkMP4rVDGY4LD3vQJIfQth', 'https://play-lh.googleusercontent.com/4ELDlfOC_TKvSAPTe_uuUxXdmpaNdenPPCLK_2YXlzlR1la9jZwTJJ-zkFI3k5ggDdI', 'https://play-lh.googleusercontent.com/jmoTT30TwzZMUGNCrkQ4N0buhxHXAPyT7w4jLKybSpN5J0reTd58D0xMENbuKZYl6uU', 'https://play-lh.googleusercontent.com/Dti7-7DCGxh87YCxI60Ckb6fX_raZ_PWhTAb2HldB_cyTahBAgs2Huu4WU6Emzkymtk', 'https://play-lh.googleusercontent.com/egMaqbHMNxwutY5lVW4O45RhmtzgeEMMPeOynHsu58RJtK1mwGQyhWtGF1uR1NqMOQ0', 'https://play-lh.googleusercontent.com/Sq9aOhFFNb158PQXCgF4iIZx3iAGNLlXZ8bo8kwwVT6Oopq9xgKyGl42UgrujGJsgTM', 'https://play-lh.googleusercontent.com/2gwGj4_JWTZ3RYiBogaOSqHchp9pUZPxvxLIrEZpR30JbyTBbM-J5cQK6xRHQRHkpO7i', 'https://play-lh.googleusercontent.com/2hR6rSzgq4cLSOf104P9Nc5MwHFAaSLbpdGCdssveWueUkf6ljThYkxWeWQv_HxONQ', 'https://play-lh.googleusercontent.com/naaS7JOVS36Gr817s8q324yF2-C4sixCItj3tb60pxdI-QcoIpl34boiAuTX03W8S_Y', 'https://play-lh.googleusercontent.com/zAk3aoKQm954S0PFpN-fyAQm6z1dsTWyZFGEcMJK-YWG4m0GS57cpLkH3OZetTDogA']",,,Teen,"Violence, Blood, Sexual Themes",True,True,"Jan 28, 2021",1616189888,1.0.9,Bug Fixes,Bug Fixes,False,com.tgame.girlgenius,https://play.google.com/store/apps/details?id=com.tgame.girlgenius&hl=en&gl=us
Magic Tiles 3,"Play Magic Tiles 3 for free on mobile today!

It is a special game in different genres of piano games and wonderful gameplay.

Rule of the game :
It‚Äôs similar to other piano games, just tap the black tiles and avoid the white tiles. That's all !

Game features:
- Real music feeling when tapping the black tiles
- Many HOT songs with great vocals are frequently updated
- Many genres of music: POP, EDM, classical, country, Latin,..

Do not hesitate to try free piano online! This excellent piano game has more challenges in store for you than you imagine.

Permission: In order to provide the optimal experience, we ask for ""Storage"" permission when you download this game

Become a real pianist today!

Magic Tiles 3 is from Amanotes, the number one music games publisher in the world, with over one billion downloads. Music lovers can interact with thousand of songs through our different apps. Why just listen to music, if you can also play with it? At Amanotes, we believe that ‚Äúeveryone can music!‚Äù. 

Support: 
Are you having any problems? Send email to :magictiles3.support@amanotes.com or contact us in game by going to Settings > FAQ and Support.
Terms of use: https://static.amanotes.com/terms-of-service/
Privacy Policy: https://static.amanotes.com/privacy-policy/","Play Magic Tiles 3 for free on mobile today!<br><br>It is a special game in different genres of piano games and wonderful gameplay.<br><br>Rule of the game :<br>It‚Äôs similar to other piano games, just tap the black tiles and avoid the white tiles. That&#39;s all !<br><br>Game features:<br>- Real music feeling when tapping the black tiles<br>- Many HOT songs with great vocals are frequently updated<br>- Many genres of music: POP, EDM, classical, country, Latin,..<br><br>Do not hesitate to try free piano online! This excellent piano game has more challenges in store for you than you imagine.<br><br>Permission: In order to provide the optimal experience, we ask for &quot;Storage&quot; permission when you download this game<br><br>Become a real pianist today!<br><br>Magic Tiles 3 is from Amanotes, the number one music games publisher in the world, with over one billion downloads. Music lovers can interact with thousand of songs through our different apps. Why just listen to music, if you can also play with it? At Amanotes, we believe that ‚Äúeveryone can music!‚Äù. <br><br>Support: <br>Are you having any problems? Send email to :magictiles3.support@amanotes.com or contact us in game by going to Settings &gt; FAQ and Support.<br>Terms of use: https://static.amanotes.com/terms-of-service/<br>Privacy Policy: https://static.amanotes.com/privacy-policy/",Piano in your pocket. New songs updated every week.,Piano in your pocket. New songs updated every week.,"100,000,000+",100000000,4.125705,2227459,1025589,"[298250, 85640, 143669, 210194, 1489706]",0,True,USD,False,,,,True,$0.99 - $19.99 per item,Varies with device,4.4,4.4 and up,AMANOTES PTE LTD,6093352993398167860,magictiles3.support@amanotes.com,https://amanotes.com/,"#24-09 SBF Center, 160 Robinson Road, Singapore 068914",https://amanotes.com/privacy-policy,6093352993398167860,Music,GAME_MUSIC,https://play-lh.googleusercontent.com/rbIaIyJTh9YtsXWbVR6qNfUFF1S-rgkBrEV8xrWH2zAZ1dvN1YC0QP0SKPXqSr-7fkQ,https://play-lh.googleusercontent.com/VZ2z5PY_IOSXnGXVFCX0Gsy8ZF3oH1QzWmFVxllpDpKItHy1hwf-oCZ7eyzXij_4tw,"['https://play-lh.googleusercontent.com/K5ZIWqrMZUICiF0tBmlx1uKtTpyfLXJyQPQay-LHUluhDSriSYxVYsSQTcaQFhhRWZQ', 'https://play-lh.googleusercontent.com/3LaN6Bg0SfKY8m3WaU6XKSCCOf4OrniMfmjA3IljIxnccXg7wguzJDgDMU_ZA9AJx50', 'https://play-lh.googleusercontent.com/3yQOMG9s4nXzECV0Uf8oT3QabvalZQlqzzn4K2ucDa6jDB6O8mIk39ohzHw9Qqa9WyAz', 'https://play-lh.googleusercontent.com/N5iuNCt2qAz9pGLKzJ_xQrKIRcmYO4NUqap_5bpn2wDEMf425dloJWk6ZcztaZZSi-Ir', 'https://play-lh.googleusercontent.com/UWe-r1bvvzWmD_mqLIWnQz6UG0Oioe-vVX0hnDIsUO-pOHgy0LZaTKj-JPAJRvObAbE7', 'https://play-lh.googleusercontent.com/7EX1NJt0eSEyTRgrY7SCWAGQcfeQ3KMLA-62_ZA9EqAAKa3aqCVVCc7GiEedpnhxmLg', 'https://play-lh.googleusercontent.com/IXSa-YoKZInf9qVPzSRb7Ugot7wKlRccr1nmWcMYzRN6WvrbpNE8a6Te8RV_WF38ZkI', 'https://play-lh.googleusercontent.com/TQ8We0ZHZfkPbBTW5WHc_ZCkO9br6M4b4UWQaXBUdrOnvTeUq1MgWVcSew2rrHup3_or', 'https://play-lh.googleusercontent.com/S1YQvFfkeEizD3XRjHGDDTRL40WdYszIt0YJSHPXnvrsQlGa5OIvcz_ckk0QHtRRgQ', 'https://play-lh.googleusercontent.com/Ql8yL9k8kusoDZiKtaVmm8yEIPlDJWm4xN_1KfbV7aMFWvys-n9wPOGSH7acIMMB1Q', 'https://play-lh.googleusercontent.com/Ul4jLPGkamHJUPMdU7s1-uekD6a6H0x8TeXjVsvGhQ6UUjqJWKL1Gm19nrtUs6dNK3A', 'https://play-lh.googleusercontent.com/E-fomMzyM64fqQQDW2l1Jm6qd8jOkPAONRnJK38aYMZNumTOAn4eO91ScJ35veNh_A', 'https://play-lh.googleusercontent.com/La57-7UGhOKrfzvlnonyiLOYwAINdnx36cN0Pxoo7Ow14PFBVeaIUnS5NuujCuY33AY', 'https://play-lh.googleusercontent.com/l71e5YvhvRv61oWDS5uOiFmUfuVZOcjriA9Q8JMHtDLoG7iRzsCMhCcD0AuP_UayuL4', 'https://play-lh.googleusercontent.com/PXKiEeagkoOpF8mU3sirMzy4I_6-_jDpV7d2CGfmjBPT_k2Kh-A8N2wczw-FOX5IoXE', 'https://play-lh.googleusercontent.com/nUpqobMWTl5CWKbJM43WQOVxZuT3zxI4P8OQesfoTB1sYvwWi2e5JbknEt1fJGXw5w', 'https://play-lh.googleusercontent.com/DQiKT2CynOQ41btCPa8m2dLQPS7dFbgwX-XB285HxUDIKIW-7eRo3UT--3IubKMskALR', 'https://play-lh.googleusercontent.com/-5BDNkrCM3bAaaYJwqWfqSq2dWNH5_J4r4AScc04aG9lsKMgpu2r4TlP6ApvfC39Og', 'https://play-lh.googleusercontent.com/WXepn_hObV2pPhH6HVoIdf22eY_pYCq1b3C8J8MYPoMhTolSrc4xIl2F7JOv1F1yHg', 'https://play-lh.googleusercontent.com/XUKaEBldPri-Vmp2UQj7aKUl468To2U13yHv9IlmtcXzw8UNzw0RbEoLydYcO6U1srMg', 'https://play-lh.googleusercontent.com/e5RkytspJvslCp_oGfHTJVZY4pYs-xI5T6VxReVnnIf8cOcIOArd0twVPEtoZ_WDcw']",https://www.youtube.com/embed/fTuNWZ-E-dw?ps=play&vq=large&rel=0&autohide=1&showinfo=0,https://i.ytimg.com/vi/fTuNWZ-E-dw/hqdefault.jpg,Everyone,,True,True,"Feb 24, 2017",1616247862,8.022.004,"- Release with top Ad banner.
- Update new Subscription price for users.",- Release with top Ad banner.<br>- Update new Subscription price for users.,False,com.youmusic.magictiles,https://play.google.com/store/apps/details?id=com.youmusic.magictiles&hl=en&gl=us
Water Sort Puzzle,"Water Sort Puzzle is a fun and addictive puzzle game! Try to sort the colored water in the glasses until all colors in the same glass. A challenging yet relaxing game to exercise your brain!

<b>‚òÖ HOW TO PLAY:</b>
‚Ä¢ Tap any glass to pour water to another glass.
‚Ä¢ The rule is that you can only pour the water if it is linked to the same color and there‚Äôre enough space on the glass.
‚Ä¢ Try not to get stuck - but don‚Äôt worry, you can always restart the level at any time.

<b>‚òÖ FEATURES:</b>
‚Ä¢ One finger control.
‚Ä¢ Multiple unique level
‚Ä¢ FREE & EASY TO PLAY.
‚Ä¢ NO penalties & time limits; you can enjoy Water Sort Puzzle at your own pace!

<b>‚òÖ NEED HELP? HAVE ANY QUESTIONS? </b>
‚Ä¢ Support email: support@iecglobal.com.au","Water Sort Puzzle is a fun and addictive puzzle game! Try to sort the colored water in the glasses until all colors in the same glass. A challenging yet relaxing game to exercise your brain!<br><br><b>‚òÖ HOW TO PLAY:</b><br>‚Ä¢ Tap any glass to pour water to another glass.<br>‚Ä¢ The rule is that you can only pour the water if it is linked to the same color and there‚Äôre enough space on the glass.<br>‚Ä¢ Try not to get stuck - but don‚Äôt worry, you can always restart the level at any time.<br><br><b>‚òÖ FEATURES:</b><br>‚Ä¢ One finger control.<br>‚Ä¢ Multiple unique level<br>‚Ä¢ FREE &amp; EASY TO PLAY.<br>‚Ä¢ NO penalties &amp; time limits; you can enjoy Water Sort Puzzle at your own pace!<br><br><b>‚òÖ NEED HELP? HAVE ANY QUESTIONS? </b><br>‚Ä¢ Support email: support@iecglobal.com.au",How smart are you?,How smart are you?,"50,000,000+",50000000,3.9420273,167875,53245,"[25801, 7906, 13423, 23837, 96908]",0,True,USD,False,,,,True,$0.99 - $10.99 per item,43M,4.4,4.4 and up,IEC Global Pty Ltd,IEC+Global+Pty+Ltd,support@iecglobal.com.au,http://www.iecglobal.com.au/,"617 Seventeen Mile Rocks Road, QLD 4073, Australia",https://privacy.iecglobal.com.au/,7089021250788701800,Puzzle,GAME_PUZZLE,https://play-lh.googleusercontent.com/dkULB4EqST928ztOU5vElGEDJDiQAl3FHULGRwhmpcgbcPQaUBZfE4berJ8WDgv2CmRZ,https://play-lh.googleusercontent.com/YvOITnTzwU4EH7JMj-ElAnq-55eU9LUmPq2xJTZFVzN_11c3jBOZgUw4QUgRNHNyB_h9,"['https://play-lh.googleusercontent.com/cD52rb2OWLzgXeVcLOPyQasru8RiNc5mNBaLUGbEvA9YD0YmidwuRe9zoUUQxNqG3Ug', 'https://play-lh.googleusercontent.com/IqDVFRN4yxXDTub-8gXLrupVtghQptcIO8wHP0jUfU4sO_ETcUbaCaaj8j0yLwNqog', 'https://play-lh.googleusercontent.com/rGtBCKexiirhurFXHQIzkRgTl0AhZbLtbe7_XQdPH0KpxJxQGPVDICFX8upEbfhLgNY', 'https://play-lh.googleusercontent.com/DLL_XVn71IqmGLKJe_U1WxYcu6ghpw9YQm7z96j3C76jzvOsVuRTZEHzrpMrx5so5DM', 'https://play-lh.googleusercontent.com/mlMYsy9nIzeFaGhQcaJAfEqkPLxUfdjttoX-WhbYnqZzzmd3VPeKuF3k54qOqmGp_Nk']",,,Everyone,,True,True,"Jun 24, 2020",1611887558,3.0.0,,,False,com.gma.water.sort.puzzle,https://play.google.com/store/apps/details?id=com.gma.water.sort.puzzle&hl=en&gl=us
Giant Rush!,Run through the obstacle course and bring the adventurous Giant to a fabulous color ride!,Run through the obstacle course and bring the adventurous Giant to a fabulous color ride!,Run Giant Run,Run Giant Run,"10,000,000+",10000000,4.1957483,68984,24919,"[7821, 2662, 4879, 6450, 47172]",0,True,XXX,False,,,,True,$2.99 per item,61M,5.0,5.0 and up,TapNation,TapNation,contact+giant-rush@tap-nation.io,https://www.tap-nation.io,"9 rue anatole de la forge, 75017 Paris",http://idspe.com/tos/,5558628040808463096,Action,GAME_ACTION,https://play-lh.googleusercontent.com/eDp-sktprJVIHEESkBq47zPcGXXNw-MePoUD2v-Ixam__WDgVriZbBsiEVNvNtRIcw,https://play-lh.googleusercontent.com/F0yEHyOPCekNldFsqJo6_K2XjYCxrvNZmXyKQljvQJN5LZGt4z_MWFBe77n5LvcAuTA,"['https://play-lh.googleusercontent.com/aRwFF8RjMg6aSScOM6TVRMbdhtUsd6K3i73OxOzqRHSD3tiSqjuSDxb7S_1ze2u56YRY', 'https://play-lh.googleusercontent.com/AuUz2SVuWXenaYVgDS83yvvyAK8mBfyJ5O0WqrgsY_k4HiFyzIxDk1rxfLR1wBDG5g', 'https://play-lh.googleusercontent.com/UOLjVcXwgCviRMKYNxntxgu7VdZJf9nFliFoWDcKHSP-MHD7WHezr7EtWf_pyr8G2fo', 'https://play-lh.googleusercontent.com/yg2O9ZintQfLfetjTbfTPuhSG7c9Pv7DxhSfxJzhAWkAV2TPr1xeLVSXi15B4t-fD08', 'https://play-lh.googleusercontent.com/hCAmBX8DV5OoQzwnw2jXGtN5gQGFP8dPHlNtGR2Mr87fY2Ti9bmDC8yNE-fBj6pExL8', 'https://play-lh.googleusercontent.com/cH7sXGQRmwwn0kvwuzkiofnTgXZyrAiNZBGC8x8JVgLxUbkHRv4UHHkD-PdB5YVsTg', 'https://play-lh.googleusercontent.com/9jKWU4_Be4sSRDxk1SVr5LOVKiCulusw4ONe1w8x-c7Dt_ykZZNNExiHE3et1I9qhA', 'https://play-lh.googleusercontent.com/bJuHZqaaMNCMcXGBEQhTlXTjQtJ7w2w9FpCT4zWIjSz4wMnpOp1dr3f7UT_HAo7zL2dp', 'https://play-lh.googleusercontent.com/DuD-TzjwRTR7nHXmqY2Nb0TdocyCz_3ueJOiSogjTk9crlVcY8tCgaaFc0HA0nuZ8g', 'https://play-lh.googleusercontent.com/gx1YSirO7xqCl-Xygtomy2FFa8KuVTBpm917GEVv9vCLViT9mdTVo3FMF0BHN5Wzim8', 'https://play-lh.googleusercontent.com/VIAv76POXInWvDnnEVkzi09SBnLqWOi4djvW3AYBKN55yHovWIibAqAvSuvPZhgDNT4', 'https://play-lh.googleusercontent.com/CBVcJwM32et7PpAS7cC-PKMVyOxfAmK8tjAPpJjl7Bdc21i8TOFBGeIsFbHYK2mpyq4', 'https://play-lh.googleusercontent.com/1-P-vvNG2rP-IJS5xH0Y8vmYHiqP9fw3QQ78WC1t0MFvVVy8fK01Ro_GmQX4HBrt0uw', 'https://play-lh.googleusercontent.com/I2jPVKrfR4b7wR2auMEdi3mEdMrU2LOx6pBKG91McHVqV1gyaW0A7JnebGYifZU6rOE', 'https://play-lh.googleusercontent.com/ko3vTt0Q12BNjGEX7hFCjCNdxm9IVXMBzY-hui9CFrqKaLQw-LZJMYhn4yI9LsngTHQ']",,,Teen,Violence,True,True,"Dec 29, 2020",1616061203,1.2.8,- Critical bugfixes.,- Critical bugfixes.,False,com.hypercarrot.giantrush,https://play.google.com/store/apps/details?id=com.hypercarrot.giantrush&hl=en&gl=us
Chat Master!,"Game consists of several activities related to mobile phone, especially texting. Each chat scenario, where you choose what to write, is followed by one or two fun quick mini games","Game consists of several activities related to mobile phone, especially texting. Each chat scenario, where you choose what to write, is followed by one or two fun quick mini games",Slide into the DM's!,Slide into the DM&#39;s!,"10,000,000+",10000000,3.735852,125157,46947,"[22960, 8615, 12388, 15754, 65440]",0,True,USD,False,,,,True,$2.99 per item,52M,5.0,5.0 and up,Supersonic Studios LTD,Supersonic+Studios+LTD,support@supersonic.com,https://supersonic.com,"Menachem Begin 121, Tel Aviv",https://supersonic.com/privacy/,6375726956331556115,Casual,GAME_CASUAL,https://play-lh.googleusercontent.com/kIKFdzqub5Mtqcxz6hkPFoNJfzJ1cF43kYMh_oqIeRjdKOaW8DTSDYHiIzqDnwoEm_7s,https://play-lh.googleusercontent.com/CVNwf1gmnCNgr8OL90ySSoQRxJxtypSArtNYrP4xfuvS-bzF_UrZfQ3yE49RmaLvG6Q,"['https://play-lh.googleusercontent.com/GHqzhiDiJU22RSu9pNOJBC5fYU8N8YabXNkNluYHxqp4eHoaG8c1zh-23u2DUTn83Zw', 'https://play-lh.googleusercontent.com/kAa3h47U_8_3KJC1ectCcpI2T3gtqqA7Q4GKXMTCpLym6a5fhvjyml35-LNakUnuXA', 'https://play-lh.googleusercontent.com/pcdt0UccaS_IF9Kh47CPcPkmx_T_m9lgkyU1wGo_hLQKdRrS1ZJd68IGRkN2wygiXK7S', 'https://play-lh.googleusercontent.com/xnjr13x1KxeqbKHY-5C7BTsycMVpQczf4zGakpFAQJCH03dZZcS6zk1O5hxP1T3Izw', 'https://play-lh.googleusercontent.com/u4nVvixjB7KIFa4voVBhvN1ahhWo0e1fjB1jS7o6dBmHXIrCOobGZy5kWfghK6b4Tg', 'https://play-lh.googleusercontent.com/mr88ri9N7vbtiRPmm6oBdUytPzYzoGqsk72f8oJodyGfBrHGQMse2CgmFO9n1BFE2Tc']",,,Teen,Suggestive Themes,True,True,"Oct 12, 2020",1612264627,2.2,Chinese language added,Chinese language added,False,com.RBSSOFT.HyperMobile,https://play.google.com/store/apps/details?id=com.RBSSOFT.HyperMobile&hl=en&gl=us
DOP 2: Delete One Part,"Think you‚Äôre smart? Then delete one part! ü§Ø

Download this popular brain game and use logic to solve fun and clever puzzles! 

üß† <b>EFFORTLESS GAMEPLAY, CHALLENGING BRAIN TEASERS</b>

Playing is easy! Just touch the screen and drag your finger to erase part of the drawing and see what lies behind it. The game may seem simple, but looks can be deceiving...

Like a detective‚Äôs magnifying glass, your eraser is the key to unraveling the hidden mysteries of this thinking game. You will have to become a shrewd sleuth and investigate the pictures carefully to locate clues. But you can never be sure what kind of surprises you‚Äôre going to find under the surface! üòÆ

<b>CREATIVE PROBLEM-SOLVING</b> 

Let your imagination run wild! Will the criminal succeed in robbing a bank, or will the police catch him first? What is the wife hiding from her husband? üôé‚Äç‚ôÄÔ∏è

And that‚Äôs just the tip of the iceberg! Free a genie from an ancient forgotten lamp, sculpt pottery, and catch a villainous murderer ‚Äî and that‚Äôs all just in the first 30 levels!

Make the most of your free time by playing an engaging brain game that will sharpen your wit. With DOP 2, you can chill out and get smarter at the same time! Level up your brain while you level up in the game!

<b>GAME FEATURES</b>

‚òÖ Jump right into the simple and straightforward gameplay of this thinking game: just swipe your finger across your phone screen to erase parts of the drawing and reveal what‚Äôs underneath. The mechanics may be easy, but the puzzles will keep your brain üß© guessing! 

‚òÖ Investigate hundreds of entertaining levels chock-full of tricky brain teasers. No two puzzles are the same! Each level stimulates your brain to approach a problem in a new way.

‚òÖ Discover the unexpected twists hiding behind every image! Each stroke of your eraser will uncover a new, deeper layer to the story depicted in the drawing. Only you can make the invisible üîç visible! 

‚òÖ Enjoy the delightful graphics with their unique cartoon style and cute animations.

‚òÖ Provides hours of fun for teens, seniors, and anyone in between who wants to keep their brain sharp!

‚òÖ The optional music, sound effects, and vibration settings give you more control over your gameplay experience. 

Strengthen your reasoning skills and put your mind to the test with a relaxing and amusing thinking game. The best part is that there is no way to mess up or fail: if you erase the wrong thing, the picture will just reset! The point is to make you think, not make you cry! üò≠

But you‚Äôll still have to think outside the box to master this brain game! Who knew solving logic puzzles could be so enjoyable and satisfying?!

<u> Install DOP 2: Delete One Part now!</u>","Think you‚Äôre smart? Then delete one part! ü§Ø<br><br>Download this popular brain game and use logic to solve fun and clever puzzles! <br><br>üß† <b>EFFORTLESS GAMEPLAY, CHALLENGING BRAIN TEASERS</b><br><br>Playing is easy! Just touch the screen and drag your finger to erase part of the drawing and see what lies behind it. The game may seem simple, but looks can be deceiving...<br><br>Like a detective‚Äôs magnifying glass, your eraser is the key to unraveling the hidden mysteries of this thinking game. You will have to become a shrewd sleuth and investigate the pictures carefully to locate clues. But you can never be sure what kind of surprises you‚Äôre going to find under the surface! üòÆ<br><br><b>CREATIVE PROBLEM-SOLVING</b> <br><br>Let your imagination run wild! Will the criminal succeed in robbing a bank, or will the police catch him first? What is the wife hiding from her husband? üôé‚Äç‚ôÄÔ∏è<br><br>And that‚Äôs just the tip of the iceberg! Free a genie from an ancient forgotten lamp, sculpt pottery, and catch a villainous murderer ‚Äî and that‚Äôs all just in the first 30 levels!<br><br>Make the most of your free time by playing an engaging brain game that will sharpen your wit. With DOP 2, you can chill out and get smarter at the same time! Level up your brain while you level up in the game!<br><br><b>GAME FEATURES</b><br><br>‚òÖ Jump right into the simple and straightforward gameplay of this thinking game: just swipe your finger across your phone screen to erase parts of the drawing and reveal what‚Äôs underneath. The mechanics may be easy, but the puzzles will keep your brain üß© guessing! <br><br>‚òÖ Investigate hundreds of entertaining levels chock-full of tricky brain teasers. No two puzzles are the same! Each level stimulates your brain to approach a problem in a new way.<br><br>‚òÖ Discover the unexpected twists hiding behind every image! Each stroke of your eraser will uncover a new, deeper layer to the story depicted in the drawing. Only you can make the invisible üîç visible! <br><br>‚òÖ Enjoy the delightful graphics with their unique cartoon style and cute animations.<br><br>‚òÖ Provides hours of fun for teens, seniors, and anyone in between who wants to keep their brain sharp!<br><br>‚òÖ The optional music, sound effects, and vibration settings give you more control over your gameplay experience. <br><br>Strengthen your reasoning skills and put your mind to the test with a relaxing and amusing thinking game. The best part is that there is no way to mess up or fail: if you erase the wrong thing, the picture will just reset! The point is to make you think, not make you cry! üò≠<br><br>But you‚Äôll still have to think outside the box to master this brain game! Who knew solving logic puzzles could be so enjoyable and satisfying?!<br><br><u> Install DOP 2: Delete One Part now!</u>",Erase part and solve the puzzle!,Erase part and solve the puzzle!,"50,000,000+",50000000,3.995596,305007,122894,"[51377, 11550, 17619, 30953, 193508]",0,True,XXX,False,,,,True,$1.99 per item,120M,5.0,5.0 and up,SayGames,SayGames,hi@playstrom.by,https://saygames.by,"220088, Republic of Belarus, Minsk, Antonovskaya 14b, office 300",,6298813763312919073,Puzzle,GAME_PUZZLE,https://play-lh.googleusercontent.com/A3z5zpuXRMFrE4DjT8_jpXVO0U1JbE3JXIBhb9q05A5sSmoP8hS3EjFoNXu7BiJelg,https://play-lh.googleusercontent.com/lY8WuHYnYRdqbJmYX2SZRcVsKmAwQS5_SfotvN2CjGKshSQ0_dMrcBz3ZVmIBM-QZw,"['https://play-lh.googleusercontent.com/O7OomsXkBq7T_Cq-cYQ96TS_2K7vbr-zGfcOtBV6UmRlTNMQym8WVZgyFcsxsC1wsw', 'https://play-lh.googleusercontent.com/gEbpG-Qjl6-zvi7JL2Hz6YpyLZ_K7IVALTBmX9aOxKRwZdLP_67yza_Q1FyASevaxDM', 'https://play-lh.googleusercontent.com/VjlenYiVFBE4xMKvv7KHpvh-B3nR-tMPsvOhuyyEWYDzx6scH3LiVrSHBMn9gx81QhRo', 'https://play-lh.googleusercontent.com/ZNre3jJH89bxFWg_jbDBUieZd2bRI607tc-nfIUJJyF03hVSg6-Au2xXhgshQuJvOw', 'https://play-lh.googleusercontent.com/tCp0AkL38XrORKFbKwzwblqiBAFwBvUVOQnmjJWq_JTG7XZFQLq1DMYQGMp9lxq9vcE', 'https://play-lh.googleusercontent.com/3FaLFNK2qOE4rVIfec4_4ZI8GhgqnG4RVSxKWVrzfVvtXP8oPpTmdbVUqAONFQmqrYc', 'https://play-lh.googleusercontent.com/forAPVviBKtaMzWFM6Xoa-VaGEtGA_PhAAHVO4fvgVO93OhgBtVh_24VAVQ0EHJZZw', 'https://play-lh.googleusercontent.com/E6cL5LKhPpoj0fqwy99P_1cxIHKABvqa7-U3aiyiPSV2OiCg-_P6WiURc6dEk8_7lA', 'https://play-lh.googleusercontent.com/JU3XEMSwvhYjIttq36TK0g-pKLTkN7UHLafQKiEGZhGzmed-G4I2PEsrfyGN3KbPF_vN', 'https://play-lh.googleusercontent.com/8gVzDVSQvh9564lZA8F2QqwXZKwyBKmOBth-2YQO_IK11zRW0s_iQeZowptvXGmjnXg', 'https://play-lh.googleusercontent.com/JxefmANL7o-cIEfeWaIWGZxBy9fJB0Fk2eNrefwZpMVNvLnjRqLgqHRooa2BoViA5Q', 'https://play-lh.googleusercontent.com/uSjy2KwAfGMkcnZKN44NuwideG1shQOfwzlkVPGIwIK0-HZjlhm90fwNtTL9rSTyRXgT']",,,Teen,"Violence, Blood, Sexual Themes",True,True,"Dec 10, 2020",1614873602,1.0.9,"- Added 80 new levels
- Gameplay improvements
- Minor bug fix
- Enjoy the game!",- Added 80 new levels<br>- Gameplay improvements<br>- Minor bug fix<br>- Enjoy the game!,False,com.playstrom.dop2,https://play.google.com/store/apps/details?id=com.playstrom.dop2&hl=en&gl=us
Subway Surfers,"DASH as fast as you can! 
DODGE the oncoming trains! 

Help Jake, Tricky & Fresh escape from the grumpy Inspector and his dog. 

‚òÖ Grind trains with your cool crew! 
‚òÖ Colorful and vivid HD graphics! 
‚òÖ Hoverboard Surfing! 
‚òÖ Paint powered jetpack! 
‚òÖ Lightning fast swipe acrobatics! 
‚òÖ Challenge and help your friends! 

Join the most daring chase! 

A Universal App with HD optimized graphics.

By Kiloo and Sybo.","DASH as fast as you can! <br>DODGE the oncoming trains! <br><br>Help Jake, Tricky &amp; Fresh escape from the grumpy Inspector and his dog. <br><br>‚òÖ Grind trains with your cool crew! <br>‚òÖ Colorful and vivid HD graphics! <br>‚òÖ Hoverboard Surfing! <br>‚òÖ Paint powered jetpack! <br>‚òÖ Lightning fast swipe acrobatics! <br>‚òÖ Challenge and help your friends! <br><br>Join the most daring chase! <br><br>A Universal App with HD optimized graphics.<br><br>By Kiloo and Sybo.","Help Jake, Tricky & Fresh escape from the grumpy Inspector and his dog!","Help Jake, Tricky &amp; Fresh escape from the grumpy Inspector and his dog!","1,000,000,000+",1000000000,4.442083,35255754,12118432,"[2662094, 799966, 1620957, 3379603, 26793134]",0,True,USD,False,,,,True,$0.99 - $99.99 per item,187M,4.4,4.4 and up,SYBO Games,7363891306616760846,subwaysurfers@sybo.zendesk.com,https://sybogames.com/,"Jorcks Passage 1A, 4. th.
1162 Copenhagen
Denmark",https://sybogames.com/privacy-policy/,7363891306616760846,Arcade,GAME_ARCADE,https://play-lh.googleusercontent.com/oZLhhcAtkxURdj3oqHjDlTlbDZEeXjX4S5iiKQgTLoaIJ8T-9aknxshqWHsiMV-FaSBv,https://play-lh.googleusercontent.com/PbAcScj1hTksBSNrOTOKwsg2wDeYcwqQvKZ53EO6vqZjwiYrmZEjuvbf2c7CgU-dXA,"['https://play-lh.googleusercontent.com/mpFlBA4rWCk7mQbE7jC5ZLHD0azP9chjX5n0sqqyiK7Ep9FML5J8ftPfEYOxJsd5Dw', 'https://play-lh.googleusercontent.com/LccNNcGiiBXXrhiBtRE1XAmXo6WwnwT2AC7_C-sXbF4UP7pAe1PBrVARm8wMm6ZONg', 'https://play-lh.googleusercontent.com/aTfaGHc7uJlUkFzLq5us8NSP2UjopUThqTOTa7tlL5QfEKpd3_RXvBGNYKZ77FSMUQ', 'https://play-lh.googleusercontent.com/1EtRn1F7OPXtxDnDuOfA0AnAP1bWZKR0PUmrDg1h_rNuDnxwQf6iZwng9MnqMCeKPhx7', 'https://play-lh.googleusercontent.com/IrvH4254kWjvvJBYXhRNVBLqDcVa-70ybOSSf38TQRirN5j9z0nenoixW8I6CT3RTg', 'https://play-lh.googleusercontent.com/hcn4LcD87pY0TXr5AwpjIQoUpdtx9KDr0CjvjQBehTYvowYHJULM_YkfKr8L6_1RiWE', 'https://play-lh.googleusercontent.com/o9ge68wLf61HDoV5TRudq1C4kzWjIS9hMdazR0DZ-vk4HB3sEHlvXS2_pzuiFo9arPTB', 'https://play-lh.googleusercontent.com/U9jOPXIAfAHj_cuJhtIGYO1YlWCMzMWaVXN9gNnxQetqE7cEM1frX-QMXFRA0dXkzoQ', 'https://play-lh.googleusercontent.com/NvBiqWfiU4sCpbZy-qCe2wWMzBuogp9fI4JbhY8v3RQJ3YBv4d95rft0SedKquahaQ', 'https://play-lh.googleusercontent.com/aVbv0sLLi7p9WIb0-g_ktM2JB8YjOwchKGBFXZ9z2J-RvALStz2IUKZjyI5vuNlKAxw', 'https://play-lh.googleusercontent.com/0G57HjymyGdBcKaNkdbR2QBB8alsSja9VZuTLQO_l3s3o0gQPHaOSfpunXJCFZjzCf4O', 'https://play-lh.googleusercontent.com/Q8SHhkreeUdAi81xieec22kTtD9K9QVoyIrs29MfnmWq2yocBTLS7iKTZBSc6kTuOz8b', 'https://play-lh.googleusercontent.com/yqFYZIQmODlhPKbwId0vVrL7_7pbz7nZ22efjfWtQLGHLvDckfTWLzO-ft8Om0JKQw', 'https://play-lh.googleusercontent.com/fwXlV1T2dNnxl2_PiWaCii9FV_q6C2Tr1Wm6UOQAr0z28rgiBFLAaufXxxidY2HMWQ', 'https://play-lh.googleusercontent.com/SKkfWrs4HpJXOD3ZE1x4NzpJE7QwPvsHPG-cA_04myOVEulbkBg3gfL5yGYZgBUNHA', 'https://play-lh.googleusercontent.com/kYR9wMqmS34Kh1XBUofOe3W0T7JQasWrSndNmLLHCq21EsDJA9C0Sf9V6MISmVvJwQSt', 'https://play-lh.googleusercontent.com/Dra7f_Xgi60bdwDYQnyMpCq2Z5vS523K4HhML2jHbbok13LC386bDYVynHIzS_Ncxw', 'https://play-lh.googleusercontent.com/kdUy9cgsDq2JB_n6wTp7vFLyB9NDDi4QN6pcLqrQduQnYoySPNFAQ6DPZ-MsvTOTYw', 'https://play-lh.googleusercontent.com/aSrfGE3imh30qyVVjbvo33gSmd-INIIqcfW17WWHo0FsRlnmqMo3pU6dg0imOHd7LzE', 'https://play-lh.googleusercontent.com/kNfYBGYeHFDUc2KzWP-IBojjaliEGZziOSBczqB9gsptroqIgt2PM99VMcz66WDZqtU', 'https://play-lh.googleusercontent.com/sMZ9eUmXw7dvuClbkCIKxLSWQ7at84aBScxuJixJ4xfLdn5BlJqX9RnyZJ7iNbnNReY', 'https://play-lh.googleusercontent.com/MBOjvHtTGmcEAk83v5ita3e3mvBHRhHsGpf5_hODTIBjw-2bzdyuT-cH_UEXjpRmXLo', 'https://play-lh.googleusercontent.com/t-F5xlvQEGD7dcex3CFlkuHrNR7MqfQGZ80-iykcrsUpuApXoBV4mJIVIXKOOHKrl7Qq', 'https://play-lh.googleusercontent.com/a88H8pw6nWccdlWopH9B_nV19prQOBnZrX8OO4K8YGZ-UbU-M7tGmfc5qXSVqWL2DEQ']",https://www.youtube.com/embed/BjXTqH35-Y8?ps=play&vq=large&rel=0&autohide=1&showinfo=0,https://i.ytimg.com/vi/BjXTqH35-Y8/hqdefault.jpg,Everyone 10+,Fantasy Violence,True,True,"Sep 20, 2012",1614934720,2.14.0,"- The Subway Surfers World Tour returns to the bustling streets of New York.
- Meet the two new surfers Lana and Darryl!
- Grind the thrilling New York Subways with the brand new UpRock board.
- Team up with a crew of amazing surfers from around the world.
- Join the Mystery Mondays and other exciting weekly events!
- Collect Tokens to unlock Little Rock surfer Jack and other amazing prizes in the Season Hunt.
",- The Subway Surfers World Tour returns to the bustling streets of New York.<br>- Meet the two new surfers Lana and Darryl!<br>- Grind the thrilling New York Subways with the brand new UpRock board.<br>- Team up with a crew of amazing surfers from around the world.<br>- Join the Mystery Mondays and other exciting weekly events!<br>- Collect Tokens to unlock Little Rock surfer Jack and other amazing prizes in the Season Hunt.<br>,True,com.kiloo.subwaysurf,https://play.google.com/store/apps/details?id=com.kiloo.subwaysurf&hl=en&gl=us
Sculpt people,"Satisfy customers in this new simulation pottery game!

- Use the clay dough to sculpt people's heads (and their pets too!)

- Make sure to sculpt people right so the result is close enough to the photo!

- Super satisfying and relaxing

- You will love the depth, customization and ability to sculpt people, paint, and make it a work of art with a clay dough

- Simple mechanics and tools to convert the clay dough into artistic work!

- Amazing 3D graphics!

- Express your creativity in this pottery game right now

- Release your stress with the dough of clay and create a pottery masterpiece! 

TRY IT NOW FOR FREE!


To opt out of CrazyLabs sales of personal information as a California resident, please visit our Privacy Policy: https://crazylabs.com/app","Satisfy customers in this new simulation pottery game!<br><br>- Use the clay dough to sculpt people&#39;s heads (and their pets too!)<br><br>- Make sure to sculpt people right so the result is close enough to the photo!<br><br>- Super satisfying and relaxing<br><br>- You will love the depth, customization and ability to sculpt people, paint, and make it a work of art with a clay dough<br><br>- Simple mechanics and tools to convert the clay dough into artistic work!<br><br>- Amazing 3D graphics!<br><br>- Express your creativity in this pottery game right now<br><br>- Release your stress with the dough of clay and create a pottery masterpiece! <br><br>TRY IT NOW FOR FREE!<br><br><br>To opt out of CrazyLabs sales of personal information as a California resident, please visit our Privacy Policy: https://crazylabs.com/app","Play with the clay! Take the dough, sculpt people and become a pottery master!","Play with the clay! Take the dough, sculpt people and become a pottery master!","10,000,000+",10000000,3.53812,49197,24646,"[12135, 3589, 4064, 4482, 24927]",0,True,XXX,False,,,,False,,114M,4.4,4.4 and up,Crazy Labs by TabTale,6443412597262225303,support@crazylabs.com,https://www.crazylabs.com,"24 Raul Wallenberg, Ziv towers, Building D, Tel Aviv, Israel, 6971924",http://www.sdpgames.com/mobileterms/privacypolicy.en.htm,6443412597262225303,Simulation,GAME_SIMULATION,https://play-lh.googleusercontent.com/jLhoeGYu2CASNLsrXj6F0oC39b86TqRnyPdUprcruEUhoMuIn9Ux-R7hOe3eoT7Yd3Q,https://play-lh.googleusercontent.com/1BDl-UmJA868Mi-ZE8da7pOObYJTwG9gXt9YSHLBb3tnloZnmM7sleDIszJB09FM-fYM,"['https://play-lh.googleusercontent.com/nH8BFoXCKxeENoyzKO4eZ0Dnhrku_pqO4Kr9aYOT43DWsw7ErE3OenmkD8_CI_-wow', 'https://play-lh.googleusercontent.com/CFy-Sh0LKLGsqZIdP8mgFohA5NFsnze5I9b6TDMcoyCQDBzFXMiOxLi5VkHwQdI92Y0', 'https://play-lh.googleusercontent.com/2xWOW8S8KbQR1rlARl1lpeT6TI7PQDpIOAUd7UHFNGz-JV1GqjlArgvpfopS9Ia5ZIE', 'https://play-lh.googleusercontent.com/JLJNdf_eQe4uXrEyeoy-lmNwgUAdBZF7aFd8gvgoF7MhyYE7fOhcmTY0THqDoqzs_L0', 'https://play-lh.googleusercontent.com/jEMqgxzLM9G_bWjip_lYYw1aAxZVoy5FY4wEwVpRAJ6UWGMsalC9IWsXqclglnThc7Q', 'https://play-lh.googleusercontent.com/FV8c1PGQfJt4X5gwfTldkWO_lTIu3v8hBYSjLSiE0NopLt7utDf6Y_fz6MXtdZTnbinE', 'https://play-lh.googleusercontent.com/dTWXpUyEbIQhOVhKlYgnLSQDwPvPwA7ELKFcY-E_wazWmVlnW2Y568Xfm5e5BCeM1Q', 'https://play-lh.googleusercontent.com/4KB2qzi6P9miMvEjvZTZu2cAaOwGVsK2QEY4GjQ40CyPIrWr6ate9V8Y2SziejSzEA', 'https://play-lh.googleusercontent.com/CnoxEGeP5WjA2Th2p7wW8taPA9rGrfKifyBewWrA-A4L1cZaX553eh5OKSr9WQiCyQ', 'https://play-lh.googleusercontent.com/ZgSfmU3xTeuO1BXA9stYQ91mG_lorEVpahpzvDwvfNte4Z3RvV-3AC7CLpT7n6hZkSM', 'https://play-lh.googleusercontent.com/XbarAZBeka5W2Vj2FlBz3gj4E2oIuxOkek4BWqbJpUXgEJ4RNgdFL7d4wO_fxd_rGQ', 'https://play-lh.googleusercontent.com/A53uHOoFgip7-oBLt3eNVO7WN6o3zMS6CSLkSyaF0Qdb32XC-NJk7RAC8uzjK_AlszA', 'https://play-lh.googleusercontent.com/VvFtkekOweJJBcalJOt8Dd5HWv_nRjeS9oGbyd7oY9YJfBGXi_L42ixB540D5d3f7-M', 'https://play-lh.googleusercontent.com/ioEEId4WN1ZnAe0fT9XshkOztpCLyXILyBt7pQwDhCMUauE1q5Tr9dv5Y3cINYAwljA', 'https://play-lh.googleusercontent.com/gyxaKyEnGvlf582ADYt5zXaWlEKY5cSy7wltZ10ACYeG5wNwHE60skD_tujAEoTHNDF-']",,,Everyone,,True,True,"Oct 19, 2020",1615809612,1.7.2,"Many fixes & improvments, and a lot of new levels!","Many fixes &amp; improvments, and a lot of new levels!",False,com.sdpgames.sculptpeople,https://play.google.com/store/apps/details?id=com.sdpgames.sculptpeople&hl=en&gl=us
Tiles Hop: EDM Rush!,"HOT! HOT! HOT!

Monstercat is going online. Play your favorite songs with our newest character. Try to get the highest scores in this amazing game.

Heard About EDM Tiles? With Tiles Hop: EDM Rush! you can play various types of music, from beautiful Piano, Guitar songs to Rock and EDM masterpieces. 

<b>How to play</b>

1. Touch, Hold and Drag the ball to make it jump on the Tiles. 
2. Don't Miss the Tiles! 
3. You can now upload your own songs to play
4. Enjoy the awesome music and addictive challenges designed for each song.

The Ball will jump on the Beats Drop. Listen to the magic beat, follow the rhythm and use your musical reflexes to guide the ball from tiles to tiles. Do not Tap! This is not a Tap Tap game.
Don't forget to make insane combos and beat your friend's scores!

<b>Hit Songs + Ball Game +  Tiles = Awesomeness</b>
<b>Game features</b>
- Auto-generated content: upload your favorite songs to bounce to the music
- One-touch control, easy to play
- Breathtaking 3D visual and effects
- 30+ absolutely beautiful and fun songs to relax
- 20+ Different backgrounds to truly bring you a new experience every plays!
- Collect beautiful skins for your dancing balls
- Beat your own top score and dare your best friends for a challenge
- Share your record with your friends, and compare it with worldwide players on the ranking list!
- Connect with Facebook account and sync the saved progress across multiple devices

Bounce off the magic music tiles, listen to the beat, and make as many hops as you can in this mind-blowing music game now for Free!

This game will create the whole new experience for music game fan.


Tiles Hop: EDM Rush is from Amanotes, the number one music game publisher in the world, with over one billion downloads. Music lovers can interact with thousands of songs through our different apps. Why just listen to music, if you can also play with it? At Amanotes, we believe that ‚Äúeveryone can music!‚Äù.","HOT! HOT! HOT!<br><br>Monstercat is going online. Play your favorite songs with our newest character. Try to get the highest scores in this amazing game.<br><br>Heard About EDM Tiles? With Tiles Hop: EDM Rush! you can play various types of music, from beautiful Piano, Guitar songs to Rock and EDM masterpieces. <br><br><b>How to play</b><br><br>1. Touch, Hold and Drag the ball to make it jump on the Tiles. <br>2. Don&#39;t Miss the Tiles! <br>3. You can now upload your own songs to play<br>4. Enjoy the awesome music and addictive challenges designed for each song.<br><br>The Ball will jump on the Beats Drop. Listen to the magic beat, follow the rhythm and use your musical reflexes to guide the ball from tiles to tiles. Do not Tap! This is not a Tap Tap game.<br>Don&#39;t forget to make insane combos and beat your friend&#39;s scores!<br><br><b>Hit Songs + Ball Game +  Tiles = Awesomeness</b><br><b>Game features</b><br>- Auto-generated content: upload your favorite songs to bounce to the music<br>- One-touch control, easy to play<br>- Breathtaking 3D visual and effects<br>- 30+ absolutely beautiful and fun songs to relax<br>- 20+ Different backgrounds to truly bring you a new experience every plays!<br>- Collect beautiful skins for your dancing balls<br>- Beat your own top score and dare your best friends for a challenge<br>- Share your record with your friends, and compare it with worldwide players on the ranking list!<br>- Connect with Facebook account and sync the saved progress across multiple devices<br><br>Bounce off the magic music tiles, listen to the beat, and make as many hops as you can in this mind-blowing music game now for Free!<br><br>This game will create the whole new experience for music game fan.<br><br><br>Tiles Hop: EDM Rush is from Amanotes, the number one music game publisher in the world, with over one billion downloads. Music lovers can interact with thousands of songs through our different apps. Why just listen to music, if you can also play with it? At Amanotes, we believe that ‚Äúeveryone can music!‚Äù.",üé∂ Heard About EDM Tiles? Let's hop the ball and go as far as you can üòçüòçüòç,üé∂ Heard About EDM Tiles? Let&#39;s hop the ball and go as far as you can üòçüòçüòç,"100,000,000+",100000000,4.308289,2257740,1226437,"[225774, 70343, 120020, 207536, 1634067]",0,True,USD,False,,,,True,$0.99 - $19.99 per item,79M,4.4,4.4 and up,AMANOTES PTE LTD,6093352993398167860,pama.support@amanotes.com,http://amanotes.com,"#24-09 SBF Center, 160 Robinson Road, Singapore 068914",http://amanotes.com/privacy-policy/,6093352993398167860,Music,GAME_MUSIC,https://play-lh.googleusercontent.com/7pbt4KZDcJBWQUAgaXNc-KSv-DJpNmKZa2SlqcxbzJAuMIlJEM_m13UFs3GN5aT0XOo,https://play-lh.googleusercontent.com/JyUqj9NHz3mfSqOuT0KPAxM_WXdMaUOIC3EL_dMC69OYKo_TLFKH93-w-W6cITcQsg4,"['https://play-lh.googleusercontent.com/I9nUuVwu_m1W6Gi7oTAUII9OVb6Lbxg2VS8TlaLTqsRWsNyq0X9wsmnJZjiFJ_sAdg', 'https://play-lh.googleusercontent.com/Us_Z8KapO7HYRGHZ9rsSOoy10a80otgsfMGPYODQGYvu0TN5PUR0EgqnGEa9E2zaVJU', 'https://play-lh.googleusercontent.com/njSdy8u39ivAd49syJpU0mp-uk_UYIdah0pLUEEMxAM95QrggD0ggpwDZosbh3_fwqg', 'https://play-lh.googleusercontent.com/lgTbuS5i7hiWRueB6y_gw2O-xXvVex50XEf8xf9cXwA6KFr1NbdHnEkArWAdjpGfgDI6', 'https://play-lh.googleusercontent.com/JEiu-O6flQDDrvn3kKScOKW8RinjaEduSx2DODfk93vPJPxcJ7VPL44GheCPAG6H0A', 'https://play-lh.googleusercontent.com/oYcis4gxdn_oY8pMDr7xK8WqC9g9u7O1ZuhTfeuFp5RbDswDHYi33eo-gVsKIPz97b0', 'https://play-lh.googleusercontent.com/Acb6fBbDq68IgiFkoNTZuRLvyNZdzB6yo6YGnNjTcgepOckGUHJCQZqY1ZgMzkAetvKV', 'https://play-lh.googleusercontent.com/HsmUHMgfKV8aVHmsZujTyescRdACksZplJIRhVSSwBTmMnVFy419pM5CY5KkFs0AQCsy']",,,Teen,Language,True,True,"Jan 16, 2018",1615526423,3.4.2,"We update regularly to improve the game quality

üåü Awesome songs added:
- Dance Monkey - Tones and I üêµüçå
- How You Like That - Blackpink
- YummyüßÅ
- bad guyüíõ
- Bang Bang Bang - BigBang
- Love Scenario - iKON
- Don't Let Me Down
- Faded - Alan Walker
- Girls Like You
- Monstercat collection
- TheFatRat's collection
- And More Popular Songs

üåü Searching for songs is easier
üåü Some random players will receive new features

‚ù§Ô∏è Enjoy the game and rate for us üëç",We update regularly to improve the game quality<br><br>üåü Awesome songs added:<br>- Dance Monkey - Tones and I üêµüçå<br>- How You Like That - Blackpink<br>- YummyüßÅ<br>- bad guyüíõ<br>- Bang Bang Bang - BigBang<br>- Love Scenario - iKON<br>- Don&#39;t Let Me Down<br>- Faded - Alan Walker<br>- Girls Like You<br>- Monstercat collection<br>- TheFatRat&#39;s collection<br>- And More Popular Songs<br><br>üåü Searching for songs is easier<br>üåü Some random players will receive new features<br><br>‚ù§Ô∏è Enjoy the game and rate for us üëç,False,com.amanotes.beathopper,https://play.google.com/store/apps/details?id=com.amanotes.beathopper&hl=en&gl=us
Stacky Dash,Swipe your finger to move across the stage and collect all the tiles !!!,Swipe your finger to move across the stage and collect all the tiles !!!,Stack and dash!!!,Stack and dash!!!,"10,000,000+",10000000,3.5259612,82646,30022,"[19794, 5414, 8527, 9349, 39562]",0,True,XXX,False,,,,False,,60M,6.0,6.0 and up,Supersonic Studios LTD,Supersonic+Studios+LTD,support@supersonic.com,http://www.supersonic.com,"Menachem Begin 121, Tel Aviv",https://supersonic.com/privacy/,6375726956331556115,Action,GAME_ACTION,https://play-lh.googleusercontent.com/ipYSz9xfHjfTMfoN0LUM0n7Bks0U2zo0uUD0WpBDiT_7MajsSNA7fkDLWqVTvLwKUH6d,https://play-lh.googleusercontent.com/h7bzY347hrh1_vbTbP2h_gNWNTUYiLEYTCsKizkRVeY7jLymHjLWG438vWB79dXWliQn,"['https://play-lh.googleusercontent.com/VlvwMf9WyS_et6RkyfxNvXYrFQwfG58I7WPyels2kmQjGbJlqbl0bpF_63oZiWidow', 'https://play-lh.googleusercontent.com/zhAORxgLvsv5KquBH5LN2dLZ-51PmCwCq7EB9wtKDFXz1cCLr7Jc1OMNd_qfSJG8olQ', 'https://play-lh.googleusercontent.com/fa8XbSzGnwsmPo9bzWSltyuo6IDG6CIJjHW5izFJIdg9BqFex7cPsnMNkcla1WuBJQ', 'https://play-lh.googleusercontent.com/gAwATMmW6Ck0dEpNwiujQIPoUdq6pAi2Y8anu0Fbeg_UpQJe5Isiwbl48zVHzouOj2Tt', 'https://play-lh.googleusercontent.com/ukPCuidk0-2lyGOd1i5BUytZzL2x9jlR7VrEUVhjVyZIWYXaR_ScRPXhI8Nea4g6lNc', 'https://play-lh.googleusercontent.com/DHcxrVC1Z3TEdICJXGsb4woGV87RvNmX6CumE2Q0gBwPlFpkGaTzzeusxt2kQVvVrKY', 'https://play-lh.googleusercontent.com/uQzgwpgkfO07jpsfJQyUyOP5NHc9jW2yQNzB9BwpftFowgmw_0MnrBLlEVDNyeWmglY', 'https://play-lh.googleusercontent.com/y8GJZZHs0DAdJp380tRvi3JV8SSlcLFSKcn_BRkiI_PM-BCZEb_GcAuIF1NBSOrNow', 'https://play-lh.googleusercontent.com/Oxx5SVCD45StRCh2dU6Re7L44LMjR6snsIOdhVBXAB9P-z_xWmSyqh8Mx7GU0ZrEikw', 'https://play-lh.googleusercontent.com/6K4So92wsdjfAIA03LwW6VlSOWscwqivLYJX9p4CkeHODo9vAPMO7zBR14AwC9uhgg', 'https://play-lh.googleusercontent.com/smAuj3a-DPI-wXTElDpRoEuuB4iRl8S8MrPp3yb8_RSUBLvApXYGsSm0XeRnHfQmuyM', 'https://play-lh.googleusercontent.com/_pvouWIs5CLV4tsEORV_U9TQ-Z7ixc9RCe3EWQz3S3P5_PTVMqnJlJPZEYuBbLuHbm0', 'https://play-lh.googleusercontent.com/EuIQx9R31YFsbKt0cNcaoqGQAIdolDizK4rcxWLTKuzpCxVHCZRywp22NdTcnM1QKw', 'https://play-lh.googleusercontent.com/V3leA6VDZWkBMkXt6TYRxL5Yh5eCHArt9NVZaPRshCom_f-2GmITk0NMfh7ZYsmtxjzq', 'https://play-lh.googleusercontent.com/mFy3bxRi7-dsCRGOA4OkMF5kRjtnGxL_FN_BZHcDfFCLivi-8C-Fw9v_I3_2aofMWy0']",,,Everyone,,True,True,"Dec 10, 2020",1616416737,2.3,".Gorgeous new backgrounds to unlock!
.Many new levels added!
Thank you for playing Stacky Dash!",.Gorgeous new backgrounds to unlock!<br>.Many new levels added!<br>Thank you for playing Stacky Dash!,False,com.Born2Play.StackyDash,https://play.google.com/store/apps/details?id=com.Born2Play.StackyDash&hl=en&gl=us
